# Blender 4.4.1
# www.blender.org
mtllib titleLogo.mtl
o テキスト
v 0.088000 0.130000 4.376000
v -0.000000 0.130000 4.376000
v -0.000000 0.130000 3.970000
v 0.682000 0.130000 3.970000
v 0.682000 0.130000 4.068000
v 0.088000 0.130000 4.068000
v -0.000000 0.130000 3.722000
v 0.682000 0.130000 3.722000
v 0.682000 0.130000 3.820000
v -0.000000 0.130000 3.820000
v -0.000000 0.130000 3.546000
v 0.201000 0.130000 3.455000
v 0.201000 0.130000 3.165000
v -0.000000 0.130000 3.079000
v -0.000000 0.130000 2.979000
v 0.686000 0.130000 3.272000
v 0.686000 0.130000 3.341000
v -0.000000 0.130000 3.646000
v 0.289000 0.130000 3.415000
v 0.536000 0.130000 3.305000
v 0.289000 0.130000 3.203000
v 0.680495 0.130000 2.657397
v 0.676046 0.130000 2.688509
v 0.668750 0.130000 2.717219
v 0.658704 0.130000 2.743407
v 0.646005 0.130000 2.766957
v 0.630750 0.130000 2.787750
v 0.613037 0.130000 2.805668
v 0.592963 0.130000 2.820593
v 0.570625 0.130000 2.832406
v 0.546120 0.130000 2.840991
v 0.519546 0.130000 2.846228
v 0.491000 0.130000 2.848000
v 0.471672 0.130000 2.847151
v 0.453213 0.130000 2.844625
v 0.435656 0.130000 2.840453
v 0.419037 0.130000 2.834667
v 0.403390 0.130000 2.827297
v 0.388750 0.130000 2.818375
v 0.375152 0.130000 2.807932
v 0.362630 0.130000 2.796000
v 0.351219 0.130000 2.782609
v 0.340954 0.130000 2.767792
v 0.331869 0.130000 2.751578
v 0.324000 0.130000 2.734000
v 0.313292 0.130000 2.749022
v 0.301667 0.130000 2.763176
v 0.289125 0.130000 2.776594
v 0.275667 0.130000 2.789407
v 0.261292 0.130000 2.801749
v 0.246000 0.130000 2.813750
v 0.229792 0.130000 2.825543
v 0.212667 0.130000 2.837259
v 0.194625 0.130000 2.849031
v 0.175667 0.130000 2.860991
v 0.155792 0.130000 2.873270
v 0.135000 0.130000 2.886000
v 0.123712 0.130000 2.893024
v 0.113194 0.130000 2.899694
v 0.103219 0.130000 2.906156
v 0.093555 0.130000 2.912556
v 0.083976 0.130000 2.919038
v 0.074250 0.130000 2.925750
v 0.064149 0.130000 2.932837
v 0.053444 0.130000 2.940444
v 0.041906 0.130000 2.948719
v 0.029305 0.130000 2.957806
v 0.015413 0.130000 2.967851
v -0.000000 0.130000 2.979000
v -0.000000 0.130000 2.862000
v 0.140000 0.130000 2.772000
v 0.172479 0.130000 2.750487
v 0.200167 0.130000 2.730815
v 0.223437 0.130000 2.712781
v 0.242667 0.130000 2.696185
v 0.258229 0.130000 2.680825
v 0.270500 0.130000 2.666500
v 0.279854 0.130000 2.653008
v 0.286667 0.130000 2.640148
v 0.291312 0.130000 2.627719
v 0.294167 0.130000 2.615519
v 0.295604 0.130000 2.603346
v 0.296000 0.130000 2.591000
v 0.296000 0.130000 2.550000
v -0.000000 0.130000 2.550000
v -0.000000 0.130000 2.452000
v 0.682000 0.130000 2.452000
v 0.682000 0.130000 2.624000
v 0.384000 0.130000 2.613000
v 0.385095 0.130000 2.637713
v 0.388264 0.130000 2.659453
v 0.393328 0.130000 2.678375
v 0.400111 0.130000 2.694629
v 0.408436 0.130000 2.708370
v 0.418125 0.130000 2.719750
v 0.429002 0.130000 2.728921
v 0.440889 0.130000 2.736037
v 0.453609 0.130000 2.741250
v 0.466986 0.130000 2.744713
v 0.480842 0.130000 2.746579
v 0.495000 0.130000 2.747000
v 0.510471 0.130000 2.745967
v 0.524852 0.130000 2.743324
v 0.538094 0.130000 2.739000
v 0.550148 0.130000 2.732926
v 0.560966 0.130000 2.725032
v 0.570500 0.130000 2.715250
v 0.578700 0.130000 2.703509
v 0.585518 0.130000 2.689741
v 0.590906 0.130000 2.673875
v 0.594815 0.130000 2.655843
v 0.597196 0.130000 2.635574
v 0.598000 0.130000 2.613000
v 0.598000 0.130000 2.550000
v 0.384000 0.130000 2.550000
v 0.594000 0.130000 2.048000
v 0.388000 0.130000 2.048000
v 0.388000 0.130000 2.327000
v 0.300000 0.130000 2.327000
v 0.300000 0.130000 2.048000
v 0.088000 0.130000 2.048000
v 0.088000 0.130000 2.346000
v -0.000000 0.130000 2.346000
v -0.000000 0.130000 1.950000
v 0.682000 0.130000 1.950000
v 0.682000 0.130000 2.337000
v 0.594000 0.130000 2.337000
v 0.682000 0.130000 1.585000
v 0.680219 0.130000 1.620012
v 0.675083 0.130000 1.651597
v 0.666906 0.130000 1.679828
v 0.656000 0.130000 1.704778
v 0.642677 0.130000 1.726519
v 0.627250 0.130000 1.745125
v 0.610031 0.130000 1.760669
v 0.591333 0.130000 1.773222
v 0.571469 0.130000 1.782859
v 0.550750 0.130000 1.789653
v 0.529490 0.130000 1.793675
v 0.508000 0.130000 1.795000
v 0.490766 0.130000 1.794310
v 0.474546 0.130000 1.792227
v 0.459312 0.130000 1.788734
v 0.445037 0.130000 1.783815
v 0.431692 0.130000 1.777451
v 0.419250 0.130000 1.769625
v 0.407683 0.130000 1.760320
v 0.396963 0.130000 1.749519
v 0.387062 0.130000 1.737203
v 0.377954 0.130000 1.723356
v 0.369609 0.130000 1.707961
v 0.362000 0.130000 1.691000
v 0.360000 0.130000 1.691000
v 0.354263 0.130000 1.715654
v 0.346606 0.130000 1.738565
v 0.337109 0.130000 1.759657
v 0.325852 0.130000 1.778852
v 0.312914 0.130000 1.796075
v 0.298375 0.130000 1.811250
v 0.282315 0.130000 1.824300
v 0.264815 0.130000 1.835148
v 0.245953 0.130000 1.843719
v 0.225810 0.130000 1.849935
v 0.204466 0.130000 1.853721
v 0.182000 0.130000 1.855000
v 0.160773 0.130000 1.853661
v 0.139352 0.130000 1.849542
v 0.118125 0.130000 1.842484
v 0.097481 0.130000 1.832333
v 0.077810 0.130000 1.818932
v 0.059500 0.130000 1.802125
v 0.042940 0.130000 1.781755
v 0.028518 0.130000 1.757667
v 0.016625 0.130000 1.729703
v 0.007648 0.130000 1.697708
v 0.001977 0.130000 1.661526
v -0.000000 0.130000 1.621000
v -0.000000 0.130000 1.387000
v 0.682000 0.130000 1.387000
v 0.390000 0.130000 1.550000
v 0.390751 0.130000 1.573210
v 0.393005 0.130000 1.594347
v 0.396766 0.130000 1.613422
v 0.402037 0.130000 1.630445
v 0.408822 0.130000 1.645425
v 0.417125 0.130000 1.658375
v 0.426948 0.130000 1.669304
v 0.438296 0.130000 1.678222
v 0.451172 0.130000 1.685141
v 0.465579 0.130000 1.690070
v 0.481520 0.130000 1.693019
v 0.499000 0.130000 1.694000
v 0.511583 0.130000 1.693377
v 0.523745 0.130000 1.691435
v 0.535359 0.130000 1.688063
v 0.546296 0.130000 1.683148
v 0.556428 0.130000 1.676581
v 0.565625 0.130000 1.668250
v 0.573760 0.130000 1.658044
v 0.580704 0.130000 1.645852
v 0.586328 0.130000 1.631563
v 0.590505 0.130000 1.615065
v 0.593105 0.130000 1.596248
v 0.594000 0.130000 1.575000
v 0.594000 0.130000 1.485000
v 0.390000 0.130000 1.485000
v 0.088000 0.130000 1.608000
v 0.089151 0.130000 1.635031
v 0.092458 0.130000 1.658745
v 0.097703 0.130000 1.679328
v 0.104667 0.130000 1.696963
v 0.113130 0.130000 1.711834
v 0.122875 0.130000 1.724125
v 0.133682 0.130000 1.734020
v 0.145333 0.130000 1.741704
v 0.157609 0.130000 1.747359
v 0.170292 0.130000 1.751171
v 0.183161 0.130000 1.753324
v 0.196000 0.130000 1.754000
v 0.211110 0.130000 1.752996
v 0.225380 0.130000 1.749968
v 0.238719 0.130000 1.744891
v 0.251037 0.130000 1.737741
v 0.262244 0.130000 1.728494
v 0.272250 0.130000 1.717125
v 0.280964 0.130000 1.703611
v 0.288296 0.130000 1.687926
v 0.294156 0.130000 1.670047
v 0.298454 0.130000 1.649949
v 0.301098 0.130000 1.627608
v 0.302000 0.130000 1.603000
v 0.302000 0.130000 1.485000
v 0.088000 0.130000 1.485000
v 0.682000 0.130000 1.312000
v 0.360000 0.130000 1.059000
v -0.000000 0.130000 1.059000
v -0.000000 0.130000 0.961000
v 0.361000 0.130000 0.961000
v 0.682000 0.130000 0.708000
v 0.682000 0.130000 0.826000
v 0.447000 0.130000 1.009000
v 0.682000 0.130000 1.194000
v 0.541691 0.130000 0.635239
v 0.552273 0.130000 0.614912
v 0.561766 0.130000 0.594953
v 0.570185 0.130000 0.575296
v 0.577549 0.130000 0.555876
v 0.583875 0.130000 0.536625
v 0.589180 0.130000 0.517479
v 0.593482 0.130000 0.498370
v 0.596797 0.130000 0.479234
v 0.599144 0.130000 0.460005
v 0.600539 0.130000 0.440615
v 0.601000 0.130000 0.421000
v 0.598729 0.130000 0.382877
v 0.592083 0.130000 0.346685
v 0.581313 0.130000 0.312688
v 0.566667 0.130000 0.281148
v 0.548396 0.130000 0.252331
v 0.526750 0.130000 0.226500
v 0.501979 0.130000 0.203919
v 0.474333 0.130000 0.184852
v 0.444063 0.130000 0.169563
v 0.411417 0.130000 0.158315
v 0.376646 0.130000 0.151373
v 0.340000 0.130000 0.149000
v 0.302763 0.130000 0.151299
v 0.267690 0.130000 0.158056
v 0.234984 0.130000 0.169063
v 0.204852 0.130000 0.184111
v 0.177497 0.130000 0.202993
v 0.153125 0.130000 0.225500
v 0.131940 0.130000 0.251424
v 0.114148 0.130000 0.280556
v 0.099953 0.130000 0.312688
v 0.089560 0.130000 0.347611
v 0.083174 0.130000 0.385118
v 0.081000 0.130000 0.425000
v 0.081560 0.130000 0.444388
v 0.083231 0.130000 0.464019
v 0.086000 0.130000 0.483844
v 0.089852 0.130000 0.503815
v 0.094773 0.130000 0.523883
v 0.100750 0.130000 0.544000
v 0.107769 0.130000 0.564117
v 0.115815 0.130000 0.584185
v 0.124875 0.130000 0.604156
v 0.134935 0.130000 0.623982
v 0.145981 0.130000 0.643612
v 0.158000 0.130000 0.663000
v 0.051000 0.130000 0.663000
v 0.042467 0.130000 0.646109
v 0.034403 0.130000 0.628870
v 0.026859 0.130000 0.611188
v 0.019889 0.130000 0.592963
v 0.013543 0.130000 0.574100
v 0.007875 0.130000 0.554500
v 0.002936 0.130000 0.534067
v -0.001222 0.130000 0.512704
v -0.004547 0.130000 0.490313
v -0.006986 0.130000 0.466796
v -0.008488 0.130000 0.442058
v -0.009000 0.130000 0.416000
v -0.005041 0.130000 0.354981
v 0.006255 0.130000 0.299852
v 0.024016 0.130000 0.250500
v 0.047370 0.130000 0.206815
v 0.075447 0.130000 0.168685
v 0.107375 0.130000 0.136000
v 0.142282 0.130000 0.108648
v 0.179296 0.130000 0.086519
v 0.217547 0.130000 0.069500
v 0.256162 0.130000 0.057481
v 0.294270 0.130000 0.050352
v 0.331000 0.130000 0.048000
v 0.381778 0.130000 0.051215
v 0.429889 0.130000 0.060634
v 0.475000 0.130000 0.075922
v 0.516778 0.130000 0.096741
v 0.554889 0.130000 0.122754
v 0.589000 0.130000 0.153625
v 0.618778 0.130000 0.189017
v 0.643889 0.130000 0.228593
v 0.664000 0.130000 0.272016
v 0.678778 0.130000 0.318949
v 0.687889 0.130000 0.369056
v 0.691000 0.130000 0.422000
v 0.690643 0.130000 0.439533
v 0.689560 0.130000 0.457181
v 0.687734 0.130000 0.475016
v 0.685148 0.130000 0.493111
v 0.681784 0.130000 0.511540
v 0.677625 0.130000 0.530375
v 0.672653 0.130000 0.549689
v 0.666852 0.130000 0.569556
v 0.660203 0.130000 0.590047
v 0.652690 0.130000 0.611236
v 0.644295 0.130000 0.633196
v 0.635000 0.130000 0.656000
v 0.530000 0.130000 0.656000
v 0.088000 -0.130000 4.376000
v -0.000000 -0.130000 4.376000
v -0.000000 -0.130000 3.970000
v 0.682000 -0.130000 3.970000
v 0.682000 -0.130000 4.068000
v 0.088000 -0.130000 4.068000
v -0.000000 -0.130000 3.722000
v 0.682000 -0.130000 3.722000
v 0.682000 -0.130000 3.820000
v -0.000000 -0.130000 3.820000
v -0.000000 -0.130000 3.546000
v 0.201000 -0.130000 3.455000
v 0.201000 -0.130000 3.165000
v -0.000000 -0.130000 3.079000
v -0.000000 -0.130000 2.979000
v 0.686000 -0.130000 3.272000
v 0.686000 -0.130000 3.341000
v -0.000000 -0.130000 3.646000
v 0.289000 -0.130000 3.415000
v 0.536000 -0.130000 3.305000
v 0.289000 -0.130000 3.203000
v 0.680495 -0.130000 2.657397
v 0.676046 -0.130000 2.688509
v 0.668750 -0.130000 2.717219
v 0.658704 -0.130000 2.743407
v 0.646005 -0.130000 2.766957
v 0.630750 -0.130000 2.787750
v 0.613037 -0.130000 2.805668
v 0.592963 -0.130000 2.820593
v 0.570625 -0.130000 2.832406
v 0.546120 -0.130000 2.840991
v 0.519546 -0.130000 2.846228
v 0.491000 -0.130000 2.848000
v 0.471672 -0.130000 2.847151
v 0.453213 -0.130000 2.844625
v 0.435656 -0.130000 2.840453
v 0.419037 -0.130000 2.834667
v 0.403390 -0.130000 2.827297
v 0.388750 -0.130000 2.818375
v 0.375152 -0.130000 2.807932
v 0.362630 -0.130000 2.796000
v 0.351219 -0.130000 2.782609
v 0.340954 -0.130000 2.767792
v 0.331869 -0.130000 2.751578
v 0.324000 -0.130000 2.734000
v 0.313292 -0.130000 2.749022
v 0.301667 -0.130000 2.763176
v 0.289125 -0.130000 2.776594
v 0.275667 -0.130000 2.789407
v 0.261292 -0.130000 2.801749
v 0.246000 -0.130000 2.813750
v 0.229792 -0.130000 2.825543
v 0.212667 -0.130000 2.837259
v 0.194625 -0.130000 2.849031
v 0.175667 -0.130000 2.860991
v 0.155792 -0.130000 2.873270
v 0.135000 -0.130000 2.886000
v 0.123712 -0.130000 2.893024
v 0.113194 -0.130000 2.899694
v 0.103219 -0.130000 2.906156
v 0.093555 -0.130000 2.912556
v 0.083976 -0.130000 2.919038
v 0.074250 -0.130000 2.925750
v 0.064149 -0.130000 2.932837
v 0.053444 -0.130000 2.940444
v 0.041906 -0.130000 2.948719
v 0.029305 -0.130000 2.957806
v 0.015413 -0.130000 2.967851
v -0.000000 -0.130000 2.979000
v -0.000000 -0.130000 2.862000
v 0.140000 -0.130000 2.772000
v 0.172479 -0.130000 2.750487
v 0.200167 -0.130000 2.730815
v 0.223437 -0.130000 2.712781
v 0.242667 -0.130000 2.696185
v 0.258229 -0.130000 2.680825
v 0.270500 -0.130000 2.666500
v 0.279854 -0.130000 2.653008
v 0.286667 -0.130000 2.640148
v 0.291312 -0.130000 2.627719
v 0.294167 -0.130000 2.615519
v 0.295604 -0.130000 2.603346
v 0.296000 -0.130000 2.591000
v 0.296000 -0.130000 2.550000
v -0.000000 -0.130000 2.550000
v -0.000000 -0.130000 2.452000
v 0.682000 -0.130000 2.452000
v 0.682000 -0.130000 2.624000
v 0.384000 -0.130000 2.613000
v 0.385095 -0.130000 2.637713
v 0.388264 -0.130000 2.659453
v 0.393328 -0.130000 2.678375
v 0.400111 -0.130000 2.694629
v 0.408436 -0.130000 2.708370
v 0.418125 -0.130000 2.719750
v 0.429002 -0.130000 2.728921
v 0.440889 -0.130000 2.736037
v 0.453609 -0.130000 2.741250
v 0.466986 -0.130000 2.744713
v 0.480842 -0.130000 2.746579
v 0.495000 -0.130000 2.747000
v 0.510471 -0.130000 2.745967
v 0.524852 -0.130000 2.743324
v 0.538094 -0.130000 2.739000
v 0.550148 -0.130000 2.732926
v 0.560966 -0.130000 2.725032
v 0.570500 -0.130000 2.715250
v 0.578700 -0.130000 2.703509
v 0.585518 -0.130000 2.689741
v 0.590906 -0.130000 2.673875
v 0.594815 -0.130000 2.655843
v 0.597196 -0.130000 2.635574
v 0.598000 -0.130000 2.613000
v 0.598000 -0.130000 2.550000
v 0.384000 -0.130000 2.550000
v 0.594000 -0.130000 2.048000
v 0.388000 -0.130000 2.048000
v 0.388000 -0.130000 2.327000
v 0.300000 -0.130000 2.327000
v 0.300000 -0.130000 2.048000
v 0.088000 -0.130000 2.048000
v 0.088000 -0.130000 2.346000
v -0.000000 -0.130000 2.346000
v -0.000000 -0.130000 1.950000
v 0.682000 -0.130000 1.950000
v 0.682000 -0.130000 2.337000
v 0.594000 -0.130000 2.337000
v 0.682000 -0.130000 1.585000
v 0.680219 -0.130000 1.620012
v 0.675083 -0.130000 1.651597
v 0.666906 -0.130000 1.679828
v 0.656000 -0.130000 1.704778
v 0.642677 -0.130000 1.726519
v 0.627250 -0.130000 1.745125
v 0.610031 -0.130000 1.760669
v 0.591333 -0.130000 1.773222
v 0.571469 -0.130000 1.782859
v 0.550750 -0.130000 1.789653
v 0.529490 -0.130000 1.793675
v 0.508000 -0.130000 1.795000
v 0.490766 -0.130000 1.794310
v 0.474546 -0.130000 1.792227
v 0.459312 -0.130000 1.788734
v 0.445037 -0.130000 1.783815
v 0.431692 -0.130000 1.777451
v 0.419250 -0.130000 1.769625
v 0.407683 -0.130000 1.760320
v 0.396963 -0.130000 1.749519
v 0.387062 -0.130000 1.737203
v 0.377954 -0.130000 1.723356
v 0.369609 -0.130000 1.707961
v 0.362000 -0.130000 1.691000
v 0.360000 -0.130000 1.691000
v 0.354263 -0.130000 1.715654
v 0.346606 -0.130000 1.738565
v 0.337109 -0.130000 1.759657
v 0.325852 -0.130000 1.778852
v 0.312914 -0.130000 1.796075
v 0.298375 -0.130000 1.811250
v 0.282315 -0.130000 1.824300
v 0.264815 -0.130000 1.835148
v 0.245953 -0.130000 1.843719
v 0.225810 -0.130000 1.849935
v 0.204466 -0.130000 1.853721
v 0.182000 -0.130000 1.855000
v 0.160773 -0.130000 1.853661
v 0.139352 -0.130000 1.849542
v 0.118125 -0.130000 1.842484
v 0.097481 -0.130000 1.832333
v 0.077810 -0.130000 1.818932
v 0.059500 -0.130000 1.802125
v 0.042940 -0.130000 1.781755
v 0.028518 -0.130000 1.757667
v 0.016625 -0.130000 1.729703
v 0.007648 -0.130000 1.697708
v 0.001977 -0.130000 1.661526
v -0.000000 -0.130000 1.621000
v -0.000000 -0.130000 1.387000
v 0.682000 -0.130000 1.387000
v 0.390000 -0.130000 1.550000
v 0.390751 -0.130000 1.573210
v 0.393005 -0.130000 1.594347
v 0.396766 -0.130000 1.613422
v 0.402037 -0.130000 1.630445
v 0.408822 -0.130000 1.645425
v 0.417125 -0.130000 1.658375
v 0.426948 -0.130000 1.669304
v 0.438296 -0.130000 1.678222
v 0.451172 -0.130000 1.685141
v 0.465579 -0.130000 1.690070
v 0.481520 -0.130000 1.693019
v 0.499000 -0.130000 1.694000
v 0.511583 -0.130000 1.693377
v 0.523745 -0.130000 1.691435
v 0.535359 -0.130000 1.688063
v 0.546296 -0.130000 1.683148
v 0.556428 -0.130000 1.676581
v 0.565625 -0.130000 1.668250
v 0.573760 -0.130000 1.658044
v 0.580704 -0.130000 1.645852
v 0.586328 -0.130000 1.631563
v 0.590505 -0.130000 1.615065
v 0.593105 -0.130000 1.596248
v 0.594000 -0.130000 1.575000
v 0.594000 -0.130000 1.485000
v 0.390000 -0.130000 1.485000
v 0.088000 -0.130000 1.608000
v 0.089151 -0.130000 1.635031
v 0.092458 -0.130000 1.658745
v 0.097703 -0.130000 1.679328
v 0.104667 -0.130000 1.696963
v 0.113130 -0.130000 1.711834
v 0.122875 -0.130000 1.724125
v 0.133682 -0.130000 1.734020
v 0.145333 -0.130000 1.741704
v 0.157609 -0.130000 1.747359
v 0.170292 -0.130000 1.751171
v 0.183161 -0.130000 1.753324
v 0.196000 -0.130000 1.754000
v 0.211110 -0.130000 1.752996
v 0.225380 -0.130000 1.749968
v 0.238719 -0.130000 1.744891
v 0.251037 -0.130000 1.737741
v 0.262244 -0.130000 1.728494
v 0.272250 -0.130000 1.717125
v 0.280964 -0.130000 1.703611
v 0.288296 -0.130000 1.687926
v 0.294156 -0.130000 1.670047
v 0.298454 -0.130000 1.649949
v 0.301098 -0.130000 1.627608
v 0.302000 -0.130000 1.603000
v 0.302000 -0.130000 1.485000
v 0.088000 -0.130000 1.485000
v 0.682000 -0.130000 1.312000
v 0.360000 -0.130000 1.059000
v -0.000000 -0.130000 1.059000
v -0.000000 -0.130000 0.961000
v 0.361000 -0.130000 0.961000
v 0.682000 -0.130000 0.708000
v 0.682000 -0.130000 0.826000
v 0.447000 -0.130000 1.009000
v 0.682000 -0.130000 1.194000
v 0.541691 -0.130000 0.635239
v 0.552273 -0.130000 0.614912
v 0.561766 -0.130000 0.594953
v 0.570185 -0.130000 0.575296
v 0.577549 -0.130000 0.555876
v 0.583875 -0.130000 0.536625
v 0.589180 -0.130000 0.517479
v 0.593482 -0.130000 0.498370
v 0.596797 -0.130000 0.479234
v 0.599144 -0.130000 0.460005
v 0.600539 -0.130000 0.440615
v 0.601000 -0.130000 0.421000
v 0.598729 -0.130000 0.382877
v 0.592083 -0.130000 0.346685
v 0.581313 -0.130000 0.312688
v 0.566667 -0.130000 0.281148
v 0.548396 -0.130000 0.252331
v 0.526750 -0.130000 0.226500
v 0.501979 -0.130000 0.203919
v 0.474333 -0.130000 0.184852
v 0.444063 -0.130000 0.169563
v 0.411417 -0.130000 0.158315
v 0.376646 -0.130000 0.151373
v 0.340000 -0.130000 0.149000
v 0.302763 -0.130000 0.151299
v 0.267690 -0.130000 0.158056
v 0.234984 -0.130000 0.169063
v 0.204852 -0.130000 0.184111
v 0.177497 -0.130000 0.202993
v 0.153125 -0.130000 0.225500
v 0.131940 -0.130000 0.251424
v 0.114148 -0.130000 0.280556
v 0.099953 -0.130000 0.312688
v 0.089560 -0.130000 0.347611
v 0.083174 -0.130000 0.385118
v 0.081000 -0.130000 0.425000
v 0.081560 -0.130000 0.444388
v 0.083231 -0.130000 0.464019
v 0.086000 -0.130000 0.483844
v 0.089852 -0.130000 0.503815
v 0.094773 -0.130000 0.523883
v 0.100750 -0.130000 0.544000
v 0.107769 -0.130000 0.564117
v 0.115815 -0.130000 0.584185
v 0.124875 -0.130000 0.604156
v 0.134935 -0.130000 0.623982
v 0.145981 -0.130000 0.643612
v 0.158000 -0.130000 0.663000
v 0.051000 -0.130000 0.663000
v 0.042467 -0.130000 0.646109
v 0.034403 -0.130000 0.628870
v 0.026859 -0.130000 0.611188
v 0.019889 -0.130000 0.592963
v 0.013543 -0.130000 0.574100
v 0.007875 -0.130000 0.554500
v 0.002936 -0.130000 0.534067
v -0.001222 -0.130000 0.512704
v -0.004547 -0.130000 0.490313
v -0.006986 -0.130000 0.466796
v -0.008488 -0.130000 0.442058
v -0.009000 -0.130000 0.416000
v -0.005041 -0.130000 0.354981
v 0.006255 -0.130000 0.299852
v 0.024016 -0.130000 0.250500
v 0.047370 -0.130000 0.206815
v 0.075447 -0.130000 0.168685
v 0.107375 -0.130000 0.136000
v 0.142282 -0.130000 0.108648
v 0.179296 -0.130000 0.086519
v 0.217547 -0.130000 0.069500
v 0.256162 -0.130000 0.057481
v 0.294270 -0.130000 0.050352
v 0.331000 -0.130000 0.048000
v 0.381778 -0.130000 0.051215
v 0.429889 -0.130000 0.060634
v 0.475000 -0.130000 0.075922
v 0.516778 -0.130000 0.096741
v 0.554889 -0.130000 0.122754
v 0.589000 -0.130000 0.153625
v 0.618778 -0.130000 0.189017
v 0.643889 -0.130000 0.228593
v 0.664000 -0.130000 0.272016
v 0.678778 -0.130000 0.318949
v 0.687889 -0.130000 0.369056
v 0.691000 -0.130000 0.422000
v 0.690643 -0.130000 0.439533
v 0.689560 -0.130000 0.457181
v 0.687734 -0.130000 0.475016
v 0.685148 -0.130000 0.493111
v 0.681784 -0.130000 0.511540
v 0.677625 -0.130000 0.530375
v 0.672653 -0.130000 0.549689
v 0.666852 -0.130000 0.569556
v 0.660203 -0.130000 0.590047
v 0.652690 -0.130000 0.611236
v 0.644295 -0.130000 0.633196
v 0.635000 -0.130000 0.656000
v 0.530000 -0.130000 0.656000
v 0.541691 -0.130000 0.635239
v 0.541691 0.130000 0.635239
v 0.552273 -0.130000 0.614912
v 0.552273 0.130000 0.614912
v 0.561766 -0.130000 0.594953
v 0.561766 0.130000 0.594953
v 0.570185 -0.130000 0.575296
v 0.570185 0.130000 0.575296
v 0.577549 -0.130000 0.555876
v 0.577549 0.130000 0.555876
v 0.583875 -0.130000 0.536625
v 0.583875 0.130000 0.536625
v 0.589180 -0.130000 0.517479
v 0.589180 0.130000 0.517479
v 0.593482 -0.130000 0.498370
v 0.593482 0.130000 0.498370
v 0.596797 -0.130000 0.479234
v 0.596797 0.130000 0.479234
v 0.599144 -0.130000 0.460005
v 0.599144 0.130000 0.460005
v 0.600539 -0.130000 0.440615
v 0.600539 0.130000 0.440615
v 0.601000 -0.130000 0.421000
v 0.601000 0.130000 0.421000
v 0.598729 -0.130000 0.382877
v 0.598729 0.130000 0.382877
v 0.592083 -0.130000 0.346685
v 0.592083 0.130000 0.346685
v 0.581313 -0.130000 0.312688
v 0.581313 0.130000 0.312688
v 0.566667 -0.130000 0.281148
v 0.566667 0.130000 0.281148
v 0.548396 -0.130000 0.252331
v 0.548396 0.130000 0.252331
v 0.526750 -0.130000 0.226500
v 0.526750 0.130000 0.226500
v 0.501979 -0.130000 0.203919
v 0.501979 0.130000 0.203919
v 0.474333 -0.130000 0.184852
v 0.474333 0.130000 0.184852
v 0.444063 -0.130000 0.169563
v 0.444063 0.130000 0.169563
v 0.411417 -0.130000 0.158315
v 0.411417 0.130000 0.158315
v 0.376646 -0.130000 0.151373
v 0.376646 0.130000 0.151373
v 0.340000 -0.130000 0.149000
v 0.340000 0.130000 0.149000
v 0.302763 -0.130000 0.151299
v 0.302763 0.130000 0.151299
v 0.267690 -0.130000 0.158056
v 0.267690 0.130000 0.158056
v 0.234984 -0.130000 0.169063
v 0.234984 0.130000 0.169063
v 0.204852 -0.130000 0.184111
v 0.204852 0.130000 0.184111
v 0.177497 -0.130000 0.202993
v 0.177497 0.130000 0.202993
v 0.153125 -0.130000 0.225500
v 0.153125 0.130000 0.225500
v 0.131940 -0.130000 0.251424
v 0.131940 0.130000 0.251424
v 0.114148 -0.130000 0.280556
v 0.114148 0.130000 0.280556
v 0.099953 -0.130000 0.312688
v 0.099953 0.130000 0.312688
v 0.089560 -0.130000 0.347611
v 0.089560 0.130000 0.347611
v 0.083174 -0.130000 0.385118
v 0.083174 0.130000 0.385118
v 0.081000 -0.130000 0.425000
v 0.081000 0.130000 0.425000
v 0.081560 -0.130000 0.444388
v 0.081560 0.130000 0.444388
v 0.083231 -0.130000 0.464019
v 0.083231 0.130000 0.464019
v 0.086000 -0.130000 0.483844
v 0.086000 0.130000 0.483844
v 0.089852 -0.130000 0.503815
v 0.089852 0.130000 0.503815
v 0.094773 -0.130000 0.523883
v 0.094773 0.130000 0.523883
v 0.100750 -0.130000 0.544000
v 0.100750 0.130000 0.544000
v 0.107769 -0.130000 0.564117
v 0.107769 0.130000 0.564117
v 0.115815 -0.130000 0.584185
v 0.115815 0.130000 0.584185
v 0.124875 -0.130000 0.604156
v 0.124875 0.130000 0.604156
v 0.134935 -0.130000 0.623982
v 0.134935 0.130000 0.623982
v 0.145981 -0.130000 0.643612
v 0.145981 0.130000 0.643612
v 0.158000 -0.130000 0.663000
v 0.158000 0.130000 0.663000
v 0.051000 -0.130000 0.663000
v 0.051000 0.130000 0.663000
v 0.042467 -0.130000 0.646109
v 0.042467 0.130000 0.646109
v 0.034403 -0.130000 0.628870
v 0.034403 0.130000 0.628870
v 0.026859 -0.130000 0.611188
v 0.026859 0.130000 0.611188
v 0.019889 -0.130000 0.592963
v 0.019889 0.130000 0.592963
v 0.013543 -0.130000 0.574100
v 0.013543 0.130000 0.574100
v 0.007875 -0.130000 0.554500
v 0.007875 0.130000 0.554500
v 0.002936 -0.130000 0.534067
v 0.002936 0.130000 0.534067
v -0.001222 -0.130000 0.512704
v -0.001222 0.130000 0.512704
v -0.004547 -0.130000 0.490313
v -0.004547 0.130000 0.490313
v -0.006986 -0.130000 0.466796
v -0.006986 0.130000 0.466796
v -0.008488 -0.130000 0.442058
v -0.008488 0.130000 0.442058
v -0.009000 -0.130000 0.416000
v -0.009000 0.130000 0.416000
v -0.005041 -0.130000 0.354981
v -0.005041 0.130000 0.354981
v 0.006255 -0.130000 0.299852
v 0.006255 0.130000 0.299852
v 0.024016 -0.130000 0.250500
v 0.024016 0.130000 0.250500
v 0.047370 -0.130000 0.206815
v 0.047370 0.130000 0.206815
v 0.075447 -0.130000 0.168685
v 0.075447 0.130000 0.168685
v 0.107375 -0.130000 0.136000
v 0.107375 0.130000 0.136000
v 0.142282 -0.130000 0.108648
v 0.142282 0.130000 0.108648
v 0.179296 -0.130000 0.086519
v 0.179296 0.130000 0.086519
v 0.217547 -0.130000 0.069500
v 0.217547 0.130000 0.069500
v 0.256162 -0.130000 0.057481
v 0.256162 0.130000 0.057481
v 0.294270 -0.130000 0.050352
v 0.294270 0.130000 0.050352
v 0.331000 -0.130000 0.048000
v 0.331000 0.130000 0.048000
v 0.381778 -0.130000 0.051215
v 0.381778 0.130000 0.051215
v 0.429889 -0.130000 0.060634
v 0.429889 0.130000 0.060634
v 0.475000 -0.130000 0.075922
v 0.475000 0.130000 0.075922
v 0.516778 -0.130000 0.096741
v 0.516778 0.130000 0.096741
v 0.554889 -0.130000 0.122754
v 0.554889 0.130000 0.122754
v 0.589000 -0.130000 0.153625
v 0.589000 0.130000 0.153625
v 0.618778 -0.130000 0.189017
v 0.618778 0.130000 0.189017
v 0.643889 -0.130000 0.228593
v 0.643889 0.130000 0.228593
v 0.664000 -0.130000 0.272016
v 0.664000 0.130000 0.272016
v 0.678778 -0.130000 0.318949
v 0.678778 0.130000 0.318949
v 0.687889 -0.130000 0.369056
v 0.687889 0.130000 0.369056
v 0.691000 -0.130000 0.422000
v 0.691000 0.130000 0.422000
v 0.690643 -0.130000 0.439533
v 0.690643 0.130000 0.439533
v 0.689560 -0.130000 0.457181
v 0.689560 0.130000 0.457181
v 0.687734 -0.130000 0.475016
v 0.687734 0.130000 0.475016
v 0.685148 -0.130000 0.493111
v 0.685148 0.130000 0.493111
v 0.681784 -0.130000 0.511540
v 0.681784 0.130000 0.511540
v 0.677625 -0.130000 0.530375
v 0.677625 0.130000 0.530375
v 0.672653 -0.130000 0.549689
v 0.672653 0.130000 0.549689
v 0.666852 -0.130000 0.569556
v 0.666852 0.130000 0.569556
v 0.660203 -0.130000 0.590047
v 0.660203 0.130000 0.590047
v 0.652690 -0.130000 0.611236
v 0.652690 0.130000 0.611236
v 0.644295 -0.130000 0.633196
v 0.644295 0.130000 0.633196
v 0.635000 -0.130000 0.656000
v 0.635000 0.130000 0.656000
v 0.530000 -0.130000 0.656000
v 0.530000 0.130000 0.656000
v 0.682000 -0.130000 1.312000
v 0.682000 0.130000 1.312000
v 0.360000 -0.130000 1.059000
v 0.360000 0.130000 1.059000
v -0.000000 -0.130000 1.059000
v -0.000000 0.130000 1.059000
v -0.000000 -0.130000 0.961000
v -0.000000 0.130000 0.961000
v 0.361000 -0.130000 0.961000
v 0.361000 0.130000 0.961000
v 0.682000 -0.130000 0.708000
v 0.682000 0.130000 0.708000
v 0.682000 -0.130000 0.826000
v 0.682000 0.130000 0.826000
v 0.447000 -0.130000 1.009000
v 0.447000 0.130000 1.009000
v 0.682000 -0.130000 1.194000
v 0.682000 0.130000 1.194000
v 0.682000 -0.130000 1.585000
v 0.682000 0.130000 1.585000
v 0.680219 -0.130000 1.620012
v 0.680219 0.130000 1.620012
v 0.675083 -0.130000 1.651597
v 0.675083 0.130000 1.651597
v 0.666906 -0.130000 1.679828
v 0.666906 0.130000 1.679828
v 0.656000 -0.130000 1.704778
v 0.656000 0.130000 1.704778
v 0.642677 -0.130000 1.726519
v 0.642677 0.130000 1.726519
v 0.627250 -0.130000 1.745125
v 0.627250 0.130000 1.745125
v 0.610031 -0.130000 1.760669
v 0.610031 0.130000 1.760669
v 0.591333 -0.130000 1.773222
v 0.591333 0.130000 1.773222
v 0.571469 -0.130000 1.782859
v 0.571469 0.130000 1.782859
v 0.550750 -0.130000 1.789653
v 0.550750 0.130000 1.789653
v 0.529490 -0.130000 1.793675
v 0.529490 0.130000 1.793675
v 0.508000 -0.130000 1.795000
v 0.508000 0.130000 1.795000
v 0.490766 -0.130000 1.794310
v 0.490766 0.130000 1.794310
v 0.474546 -0.130000 1.792227
v 0.474546 0.130000 1.792227
v 0.459312 -0.130000 1.788734
v 0.459312 0.130000 1.788734
v 0.445037 -0.130000 1.783815
v 0.445037 0.130000 1.783815
v 0.431692 -0.130000 1.777451
v 0.431692 0.130000 1.777451
v 0.419250 -0.130000 1.769625
v 0.419250 0.130000 1.769625
v 0.407683 -0.130000 1.760320
v 0.407683 0.130000 1.760320
v 0.396963 -0.130000 1.749519
v 0.396963 0.130000 1.749519
v 0.387062 -0.130000 1.737203
v 0.387062 0.130000 1.737203
v 0.377954 -0.130000 1.723356
v 0.377954 0.130000 1.723356
v 0.369609 -0.130000 1.707961
v 0.369609 0.130000 1.707961
v 0.362000 -0.130000 1.691000
v 0.362000 0.130000 1.691000
v 0.360000 -0.130000 1.691000
v 0.360000 0.130000 1.691000
v 0.354263 -0.130000 1.715654
v 0.354263 0.130000 1.715654
v 0.346606 -0.130000 1.738565
v 0.346606 0.130000 1.738565
v 0.337109 -0.130000 1.759657
v 0.337109 0.130000 1.759657
v 0.325852 -0.130000 1.778852
v 0.325852 0.130000 1.778852
v 0.312914 -0.130000 1.796075
v 0.312914 0.130000 1.796075
v 0.298375 -0.130000 1.811250
v 0.298375 0.130000 1.811250
v 0.282315 -0.130000 1.824300
v 0.282315 0.130000 1.824300
v 0.264815 -0.130000 1.835148
v 0.264815 0.130000 1.835148
v 0.245953 -0.130000 1.843719
v 0.245953 0.130000 1.843719
v 0.225810 -0.130000 1.849935
v 0.225810 0.130000 1.849935
v 0.204466 -0.130000 1.853721
v 0.204466 0.130000 1.853721
v 0.182000 -0.130000 1.855000
v 0.182000 0.130000 1.855000
v 0.160773 -0.130000 1.853661
v 0.160773 0.130000 1.853661
v 0.139352 -0.130000 1.849542
v 0.139352 0.130000 1.849542
v 0.118125 -0.130000 1.842484
v 0.118125 0.130000 1.842484
v 0.097481 -0.130000 1.832333
v 0.097481 0.130000 1.832333
v 0.077810 -0.130000 1.818932
v 0.077810 0.130000 1.818932
v 0.059500 -0.130000 1.802125
v 0.059500 0.130000 1.802125
v 0.042940 -0.130000 1.781755
v 0.042940 0.130000 1.781755
v 0.028518 -0.130000 1.757667
v 0.028518 0.130000 1.757667
v 0.016625 -0.130000 1.729703
v 0.016625 0.130000 1.729703
v 0.007648 -0.130000 1.697708
v 0.007648 0.130000 1.697708
v 0.001977 -0.130000 1.661526
v 0.001977 0.130000 1.661526
v -0.000000 -0.130000 1.621000
v -0.000000 0.130000 1.621000
v -0.000000 -0.130000 1.387000
v -0.000000 0.130000 1.387000
v 0.682000 -0.130000 1.387000
v 0.682000 0.130000 1.387000
v 0.390000 -0.130000 1.550000
v 0.390000 0.130000 1.550000
v 0.390751 -0.130000 1.573210
v 0.390751 0.130000 1.573210
v 0.393005 -0.130000 1.594347
v 0.393005 0.130000 1.594347
v 0.396766 -0.130000 1.613422
v 0.396766 0.130000 1.613422
v 0.402037 -0.130000 1.630445
v 0.402037 0.130000 1.630445
v 0.408822 -0.130000 1.645425
v 0.408822 0.130000 1.645425
v 0.417125 -0.130000 1.658375
v 0.417125 0.130000 1.658375
v 0.426948 -0.130000 1.669304
v 0.426948 0.130000 1.669304
v 0.438296 -0.130000 1.678222
v 0.438296 0.130000 1.678222
v 0.451172 -0.130000 1.685141
v 0.451172 0.130000 1.685141
v 0.465579 -0.130000 1.690070
v 0.465579 0.130000 1.690070
v 0.481520 -0.130000 1.693019
v 0.481520 0.130000 1.693019
v 0.499000 -0.130000 1.694000
v 0.499000 0.130000 1.694000
v 0.511583 -0.130000 1.693377
v 0.511583 0.130000 1.693377
v 0.523745 -0.130000 1.691435
v 0.523745 0.130000 1.691435
v 0.535359 -0.130000 1.688063
v 0.535359 0.130000 1.688063
v 0.546296 -0.130000 1.683148
v 0.546296 0.130000 1.683148
v 0.556428 -0.130000 1.676581
v 0.556428 0.130000 1.676581
v 0.565625 -0.130000 1.668250
v 0.565625 0.130000 1.668250
v 0.573760 -0.130000 1.658044
v 0.573760 0.130000 1.658044
v 0.580704 -0.130000 1.645852
v 0.580704 0.130000 1.645852
v 0.586328 -0.130000 1.631563
v 0.586328 0.130000 1.631563
v 0.590505 -0.130000 1.615065
v 0.590505 0.130000 1.615065
v 0.593105 -0.130000 1.596248
v 0.593105 0.130000 1.596248
v 0.594000 -0.130000 1.575000
v 0.594000 0.130000 1.575000
v 0.594000 -0.130000 1.485000
v 0.594000 0.130000 1.485000
v 0.390000 -0.130000 1.485000
v 0.390000 0.130000 1.485000
v 0.088000 -0.130000 1.608000
v 0.088000 0.130000 1.608000
v 0.089151 -0.130000 1.635031
v 0.089151 0.130000 1.635031
v 0.092458 -0.130000 1.658745
v 0.092458 0.130000 1.658745
v 0.097703 -0.130000 1.679328
v 0.097703 0.130000 1.679328
v 0.104667 -0.130000 1.696963
v 0.104667 0.130000 1.696963
v 0.113130 -0.130000 1.711834
v 0.113130 0.130000 1.711834
v 0.122875 -0.130000 1.724125
v 0.122875 0.130000 1.724125
v 0.133682 -0.130000 1.734020
v 0.133682 0.130000 1.734020
v 0.145333 -0.130000 1.741704
v 0.145333 0.130000 1.741704
v 0.157609 -0.130000 1.747359
v 0.157609 0.130000 1.747359
v 0.170292 -0.130000 1.751171
v 0.170292 0.130000 1.751171
v 0.183161 -0.130000 1.753324
v 0.183161 0.130000 1.753324
v 0.196000 -0.130000 1.754000
v 0.196000 0.130000 1.754000
v 0.211110 -0.130000 1.752996
v 0.211110 0.130000 1.752996
v 0.225380 -0.130000 1.749968
v 0.225380 0.130000 1.749968
v 0.238719 -0.130000 1.744891
v 0.238719 0.130000 1.744891
v 0.251037 -0.130000 1.737741
v 0.251037 0.130000 1.737741
v 0.262244 -0.130000 1.728494
v 0.262244 0.130000 1.728494
v 0.272250 -0.130000 1.717125
v 0.272250 0.130000 1.717125
v 0.280964 -0.130000 1.703611
v 0.280964 0.130000 1.703611
v 0.288296 -0.130000 1.687926
v 0.288296 0.130000 1.687926
v 0.294156 -0.130000 1.670047
v 0.294156 0.130000 1.670047
v 0.298454 -0.130000 1.649949
v 0.298454 0.130000 1.649949
v 0.301098 -0.130000 1.627608
v 0.301098 0.130000 1.627608
v 0.302000 -0.130000 1.603000
v 0.302000 0.130000 1.603000
v 0.302000 -0.130000 1.485000
v 0.302000 0.130000 1.485000
v 0.088000 -0.130000 1.485000
v 0.088000 0.130000 1.485000
v 0.594000 -0.130000 2.048000
v 0.594000 0.130000 2.048000
v 0.388000 -0.130000 2.048000
v 0.388000 0.130000 2.048000
v 0.388000 -0.130000 2.327000
v 0.388000 0.130000 2.327000
v 0.300000 -0.130000 2.327000
v 0.300000 0.130000 2.327000
v 0.300000 -0.130000 2.048000
v 0.300000 0.130000 2.048000
v 0.088000 -0.130000 2.048000
v 0.088000 0.130000 2.048000
v 0.088000 -0.130000 2.346000
v 0.088000 0.130000 2.346000
v -0.000000 -0.130000 2.346000
v -0.000000 0.130000 2.346000
v -0.000000 -0.130000 1.950000
v -0.000000 0.130000 1.950000
v 0.682000 -0.130000 1.950000
v 0.682000 0.130000 1.950000
v 0.682000 -0.130000 2.337000
v 0.682000 0.130000 2.337000
v 0.594000 -0.130000 2.337000
v 0.594000 0.130000 2.337000
v 0.680495 -0.130000 2.657397
v 0.680495 0.130000 2.657397
v 0.676046 -0.130000 2.688509
v 0.676046 0.130000 2.688509
v 0.668750 -0.130000 2.717219
v 0.668750 0.130000 2.717219
v 0.658704 -0.130000 2.743407
v 0.658704 0.130000 2.743407
v 0.646005 -0.130000 2.766957
v 0.646005 0.130000 2.766957
v 0.630750 -0.130000 2.787750
v 0.630750 0.130000 2.787750
v 0.613037 -0.130000 2.805668
v 0.613037 0.130000 2.805668
v 0.592963 -0.130000 2.820593
v 0.592963 0.130000 2.820593
v 0.570625 -0.130000 2.832406
v 0.570625 0.130000 2.832406
v 0.546120 -0.130000 2.840991
v 0.546120 0.130000 2.840991
v 0.519546 -0.130000 2.846228
v 0.519546 0.130000 2.846228
v 0.491000 -0.130000 2.848000
v 0.491000 0.130000 2.848000
v 0.471672 -0.130000 2.847151
v 0.471672 0.130000 2.847151
v 0.453213 -0.130000 2.844625
v 0.453213 0.130000 2.844625
v 0.435656 -0.130000 2.840453
v 0.435656 0.130000 2.840453
v 0.419037 -0.130000 2.834667
v 0.419037 0.130000 2.834667
v 0.403390 -0.130000 2.827297
v 0.403390 0.130000 2.827297
v 0.388750 -0.130000 2.818375
v 0.388750 0.130000 2.818375
v 0.375152 -0.130000 2.807932
v 0.375152 0.130000 2.807932
v 0.362630 -0.130000 2.796000
v 0.362630 0.130000 2.796000
v 0.351219 -0.130000 2.782609
v 0.351219 0.130000 2.782609
v 0.340954 -0.130000 2.767792
v 0.340954 0.130000 2.767792
v 0.331869 -0.130000 2.751578
v 0.331869 0.130000 2.751578
v 0.324000 -0.130000 2.734000
v 0.324000 0.130000 2.734000
v 0.313292 -0.130000 2.749022
v 0.313292 0.130000 2.749022
v 0.301667 -0.130000 2.763176
v 0.301667 0.130000 2.763176
v 0.289125 -0.130000 2.776594
v 0.289125 0.130000 2.776594
v 0.275667 -0.130000 2.789407
v 0.275667 0.130000 2.789407
v 0.261292 -0.130000 2.801749
v 0.261292 0.130000 2.801749
v 0.246000 -0.130000 2.813750
v 0.246000 0.130000 2.813750
v 0.229792 -0.130000 2.825543
v 0.229792 0.130000 2.825543
v 0.212667 -0.130000 2.837259
v 0.212667 0.130000 2.837259
v 0.194625 -0.130000 2.849031
v 0.194625 0.130000 2.849031
v 0.175667 -0.130000 2.860991
v 0.175667 0.130000 2.860991
v 0.155792 -0.130000 2.873270
v 0.155792 0.130000 2.873270
v 0.135000 -0.130000 2.886000
v 0.135000 0.130000 2.886000
v 0.123712 -0.130000 2.893024
v 0.123712 0.130000 2.893024
v 0.113194 -0.130000 2.899694
v 0.113194 0.130000 2.899694
v 0.103219 -0.130000 2.906156
v 0.103219 0.130000 2.906156
v 0.093555 -0.130000 2.912556
v 0.093555 0.130000 2.912556
v 0.083976 -0.130000 2.919038
v 0.083976 0.130000 2.919038
v 0.074250 -0.130000 2.925750
v 0.074250 0.130000 2.925750
v 0.064149 -0.130000 2.932837
v 0.064149 0.130000 2.932837
v 0.053444 -0.130000 2.940444
v 0.053444 0.130000 2.940444
v 0.041906 -0.130000 2.948719
v 0.041906 0.130000 2.948719
v 0.029305 -0.130000 2.957806
v 0.029305 0.130000 2.957806
v 0.015413 -0.130000 2.967851
v 0.015413 0.130000 2.967851
v -0.000000 -0.130000 2.979000
v -0.000000 0.130000 2.979000
v -0.000000 -0.130000 2.862000
v -0.000000 0.130000 2.862000
v 0.140000 -0.130000 2.772000
v 0.140000 0.130000 2.772000
v 0.172479 -0.130000 2.750487
v 0.172479 0.130000 2.750487
v 0.200167 -0.130000 2.730815
v 0.200167 0.130000 2.730815
v 0.223437 -0.130000 2.712781
v 0.223437 0.130000 2.712781
v 0.242667 -0.130000 2.696185
v 0.242667 0.130000 2.696185
v 0.258229 -0.130000 2.680825
v 0.258229 0.130000 2.680825
v 0.270500 -0.130000 2.666500
v 0.270500 0.130000 2.666500
v 0.279854 -0.130000 2.653008
v 0.279854 0.130000 2.653008
v 0.286667 -0.130000 2.640148
v 0.286667 0.130000 2.640148
v 0.291312 -0.130000 2.627719
v 0.291312 0.130000 2.627719
v 0.294167 -0.130000 2.615519
v 0.294167 0.130000 2.615519
v 0.295604 -0.130000 2.603346
v 0.295604 0.130000 2.603346
v 0.296000 -0.130000 2.591000
v 0.296000 0.130000 2.591000
v 0.296000 -0.130000 2.550000
v 0.296000 0.130000 2.550000
v -0.000000 -0.130000 2.550000
v -0.000000 0.130000 2.550000
v -0.000000 -0.130000 2.452000
v -0.000000 0.130000 2.452000
v 0.682000 -0.130000 2.452000
v 0.682000 0.130000 2.452000
v 0.682000 -0.130000 2.624000
v 0.682000 0.130000 2.624000
v 0.384000 -0.130000 2.613000
v 0.384000 0.130000 2.613000
v 0.385095 -0.130000 2.637713
v 0.385095 0.130000 2.637713
v 0.388264 -0.130000 2.659453
v 0.388264 0.130000 2.659453
v 0.393328 -0.130000 2.678375
v 0.393328 0.130000 2.678375
v 0.400111 -0.130000 2.694629
v 0.400111 0.130000 2.694629
v 0.408436 -0.130000 2.708370
v 0.408436 0.130000 2.708370
v 0.418125 -0.130000 2.719750
v 0.418125 0.130000 2.719750
v 0.429002 -0.130000 2.728921
v 0.429002 0.130000 2.728921
v 0.440889 -0.130000 2.736037
v 0.440889 0.130000 2.736037
v 0.453609 -0.130000 2.741250
v 0.453609 0.130000 2.741250
v 0.466986 -0.130000 2.744713
v 0.466986 0.130000 2.744713
v 0.480842 -0.130000 2.746579
v 0.480842 0.130000 2.746579
v 0.495000 -0.130000 2.747000
v 0.495000 0.130000 2.747000
v 0.510471 -0.130000 2.745967
v 0.510471 0.130000 2.745967
v 0.524852 -0.130000 2.743324
v 0.524852 0.130000 2.743324
v 0.538094 -0.130000 2.739000
v 0.538094 0.130000 2.739000
v 0.550148 -0.130000 2.732926
v 0.550148 0.130000 2.732926
v 0.560966 -0.130000 2.725032
v 0.560966 0.130000 2.725032
v 0.570500 -0.130000 2.715250
v 0.570500 0.130000 2.715250
v 0.578700 -0.130000 2.703509
v 0.578700 0.130000 2.703509
v 0.585518 -0.130000 2.689741
v 0.585518 0.130000 2.689741
v 0.590906 -0.130000 2.673875
v 0.590906 0.130000 2.673875
v 0.594815 -0.130000 2.655843
v 0.594815 0.130000 2.655843
v 0.597196 -0.130000 2.635574
v 0.597196 0.130000 2.635574
v 0.598000 -0.130000 2.613000
v 0.598000 0.130000 2.613000
v 0.598000 -0.130000 2.550000
v 0.598000 0.130000 2.550000
v 0.384000 -0.130000 2.550000
v 0.384000 0.130000 2.550000
v -0.000000 -0.130000 3.546000
v -0.000000 0.130000 3.546000
v 0.201000 -0.130000 3.455000
v 0.201000 0.130000 3.455000
v 0.201000 -0.130000 3.165000
v 0.201000 0.130000 3.165000
v -0.000000 -0.130000 3.079000
v -0.000000 0.130000 3.079000
v -0.000000 -0.130000 2.979000
v -0.000000 0.130000 2.979000
v 0.686000 -0.130000 3.272000
v 0.686000 0.130000 3.272000
v 0.686000 -0.130000 3.341000
v 0.686000 0.130000 3.341000
v -0.000000 -0.130000 3.646000
v -0.000000 0.130000 3.646000
v 0.289000 -0.130000 3.415000
v 0.289000 0.130000 3.415000
v 0.536000 -0.130000 3.305000
v 0.536000 0.130000 3.305000
v 0.289000 -0.130000 3.203000
v 0.289000 0.130000 3.203000
v -0.000000 -0.130000 3.722000
v -0.000000 0.130000 3.722000
v 0.682000 -0.130000 3.722000
v 0.682000 0.130000 3.722000
v 0.682000 -0.130000 3.820000
v 0.682000 0.130000 3.820000
v -0.000000 -0.130000 3.820000
v -0.000000 0.130000 3.820000
v 0.088000 -0.130000 4.376000
v 0.088000 0.130000 4.376000
v -0.000000 -0.130000 4.376000
v -0.000000 0.130000 4.376000
v -0.000000 -0.130000 3.970000
v -0.000000 0.130000 3.970000
v 0.682000 -0.130000 3.970000
v 0.682000 0.130000 3.970000
v 0.682000 -0.130000 4.068000
v 0.682000 0.130000 4.068000
v 0.088000 -0.130000 4.068000
v 0.088000 0.130000 4.068000
vn -0.0000 1.0000 -0.0000
vn -0.0000 -1.0000 -0.0000
vn -0.8793 -0.0000 -0.4763
vn -0.8952 -0.0000 -0.4457
vn -0.9113 -0.0000 -0.4117
vn -0.9273 -0.0000 -0.3742
vn -0.9428 -0.0000 -0.3334
vn -0.9571 -0.0000 -0.2897
vn -0.9699 -0.0000 -0.2434
vn -0.9808 -0.0000 -0.1952
vn -0.9893 -0.0000 -0.1460
vn -0.9953 -0.0000 -0.0965
vn -0.9989 -0.0000 -0.0477
vn -0.9998 -0.0000 0.0180
vn -0.9927 -0.0000 0.1203
vn -0.9703 -0.0000 0.2418
vn -0.9320 -0.0000 0.3623
vn -0.8776 -0.0000 0.4793
vn -0.8073 -0.0000 0.5902
vn -0.7217 -0.0000 0.6922
vn -0.6221 -0.0000 0.7829
vn -0.5105 -0.0000 0.8599
vn -0.3892 -0.0000 0.9212
vn -0.2614 -0.0000 0.9652
vn -0.1305 -0.0000 0.9915
vn -0.0015 -0.0000 1.0000
vn 0.1257 -0.0000 0.9921
vn 0.2546 -0.0000 0.9670
vn 0.3838 -0.0000 0.9234
vn 0.5087 -0.0000 0.8609
vn 0.6248 -0.0000 0.7808
vn 0.7282 -0.0000 0.6854
vn 0.8158 -0.0000 0.5784
vn 0.8860 -0.0000 0.4637
vn 0.9385 -0.0000 0.3454
vn 0.9739 -0.0000 0.2270
vn 0.9938 -0.0000 0.1113
vn 0.9999 -0.0000 0.0128
vn 0.9984 -0.0000 -0.0569
vn 0.9938 -0.0000 -0.1116
vn 0.9865 -0.0000 -0.1639
vn 0.9769 -0.0000 -0.2138
vn 0.9652 -0.0000 -0.2616
vn 0.9516 -0.0000 -0.3072
vn 0.9364 -0.0000 -0.3509
vn 0.9196 -0.0000 -0.3927
vn 0.9014 -0.0000 -0.4329
vn 0.8818 -0.0000 -0.4716
vn 0.8609 -0.0000 -0.5088
vn 0.8738 -0.0000 0.4864
vn -0.5240 -0.0000 0.8517
vn -0.8993 -0.0000 0.4374
vn -0.9129 -0.0000 0.4081
vn -0.9271 -0.0000 0.3749
vn -0.9411 -0.0000 0.3381
vn -0.9544 -0.0000 0.2984
vn -0.9666 -0.0000 0.2565
vn -0.9770 -0.0000 0.2131
vn -0.9856 -0.0000 0.1690
vn -0.9922 -0.0000 0.1251
vn -0.9966 -0.0000 0.0819
vn -0.9992 -0.0000 0.0401
vn -0.9997 -0.0000 -0.0226
vn -0.9911 -0.0000 -0.1330
vn -0.9628 -0.0000 -0.2704
vn -0.9138 -0.0000 -0.4061
vn -0.8457 -0.0000 -0.5336
vn -0.7621 -0.0000 -0.6474
vn -0.6675 -0.0000 -0.7446
vn -0.5661 -0.0000 -0.8243
vn -0.4607 -0.0000 -0.8876
vn -0.3524 -0.0000 -0.9358
vn -0.2409 -0.0000 -0.9705
vn -0.1241 -0.0000 -0.9923
vn -0.0004 -0.0000 -1.0000
vn 0.1279 -0.0000 -0.9918
vn 0.2571 -0.0000 -0.9664
vn 0.3844 -0.0000 -0.9232
vn 0.5061 -0.0000 -0.8625
vn 0.6188 -0.0000 -0.7855
vn 0.7198 -0.0000 -0.6942
vn 0.8066 -0.0000 -0.5911
vn 0.8778 -0.0000 -0.4790
vn 0.9325 -0.0000 -0.3610
vn 0.9708 -0.0000 -0.2401
vn 0.9929 -0.0000 -0.1190
vn 0.9998 -0.0000 -0.0192
vn 0.9992 -0.0000 0.0408
vn 0.9967 -0.0000 0.0816
vn 0.9926 -0.0000 0.1217
vn 0.9870 -0.0000 0.1606
vn 0.9803 -0.0000 0.1976
vn 0.9726 -0.0000 0.2325
vn 0.9643 -0.0000 0.2648
vn 0.9556 -0.0000 0.2945
vn 0.9469 -0.0000 0.3214
vn 0.9384 -0.0000 0.3457
vn 0.9301 -0.0000 0.3673
vn 0.5579 -0.0000 0.8299
vn -0.8633 -0.0000 0.5047
vn 0.4371 -0.0000 0.8994
vn -0.3269 -0.0000 0.9451
vn -0.7071 -0.0000 0.7071
vn -0.7071 -0.0000 -0.7071
vn -0.3276 -0.0000 -0.9448
vn 0.4365 -0.0000 -0.8997
vn 0.8984 -0.0000 0.4391
vn 1.0000 -0.0000 0.0026
vn 0.8996 -0.0000 -0.4367
vn 0.9997 -0.0000 0.0254
vn 0.9944 -0.0000 0.1058
vn 0.9756 -0.0000 0.2197
vn 0.9404 -0.0000 0.3401
vn 0.8866 -0.0000 0.4626
vn 0.8133 -0.0000 0.5819
vn 0.7218 -0.0000 0.6921
vn 0.6153 -0.0000 0.7883
vn 0.4982 -0.0000 0.8671
vn 0.3749 -0.0000 0.9271
vn 0.2493 -0.0000 0.9684
vn 0.1240 -0.0000 0.9923
vn 0.0108 -0.0000 0.9999
vn -0.0838 -0.0000 0.9965
vn -0.1756 -0.0000 0.9845
vn -0.2750 -0.0000 0.9614
vn -0.3787 -0.0000 0.9255
vn -0.4822 -0.0000 0.8760
vn -0.5806 -0.0000 0.8142
vn -0.6693 -0.0000 0.7430
vn -0.7456 -0.0000 0.6664
vn -0.8083 -0.0000 0.5887
vn -0.8581 -0.0000 0.5135
vn -0.8964 -0.0000 0.4432
vn -0.5435 -0.0000 0.8394
vn 0.6218 -0.0000 0.7831
vn 0.9623 -0.0000 0.2721
vn 0.9313 -0.0000 0.3642
vn 0.8885 -0.0000 0.4589
vn 0.8324 -0.0000 0.5541
vn 0.7622 -0.0000 0.6474
vn 0.6777 -0.0000 0.7354
vn 0.5799 -0.0000 0.8147
vn 0.4712 -0.0000 0.8820
vn 0.3550 -0.0000 0.9349
vn 0.2352 -0.0000 0.9719
vn 0.1159 -0.0000 0.9933
vn -0.0031 -0.0000 1.0000
vn -0.1262 -0.0000 0.9920
vn -0.2527 -0.0000 0.9675
vn -0.3793 -0.0000 0.9253
vn -0.5034 -0.0000 0.8641
vn -0.6212 -0.0000 0.7836
vn -0.7280 -0.0000 0.6856
vn -0.8191 -0.0000 0.5737
vn -0.8912 -0.0000 0.4536
vn -0.9435 -0.0000 0.3315
vn -0.9771 -0.0000 0.2129
vn -0.9948 -0.0000 0.1019
vn -0.9997 -0.0000 0.0244
vn 0.7071 -0.0000 -0.7071
vn 0.9999 -0.0000 -0.0162
vn 0.9976 -0.0000 -0.0692
vn 0.9887 -0.0000 -0.1499
vn 0.9695 -0.0000 -0.2450
vn 0.9349 -0.0000 -0.3549
vn 0.8787 -0.0000 -0.4774
vn 0.7954 -0.0000 -0.6061
vn 0.6834 -0.0000 -0.7301
vn 0.5477 -0.0000 -0.8367
vn 0.3998 -0.0000 -0.9166
vn 0.2535 -0.0000 -0.9673
vn 0.1192 -0.0000 -0.9929
vn 0.0033 -0.0000 -1.0000
vn -0.1037 -0.0000 -0.9946
vn -0.2187 -0.0000 -0.9758
vn -0.3452 -0.0000 -0.9385
vn -0.4783 -0.0000 -0.8782
vn -0.6096 -0.0000 -0.7927
vn -0.7290 -0.0000 -0.6845
vn -0.8280 -0.0000 -0.5608
vn -0.9020 -0.0000 -0.4317
vn -0.9519 -0.0000 -0.3065
vn -0.9815 -0.0000 -0.1914
vn -0.9960 -0.0000 -0.0896
vn -0.9998 -0.0000 -0.0211
vn 0.7071 -0.0000 0.7071
vn 0.9998 -0.0000 -0.0213
vn 0.9959 -0.0000 -0.0904
vn 0.9812 -0.0000 -0.1928
vn 0.9515 -0.0000 -0.3077
vn 0.9019 -0.0000 -0.4320
vn 0.8288 -0.0000 -0.5596
vn 0.7318 -0.0000 -0.6816
vn 0.6148 -0.0000 -0.7887
vn 0.4859 -0.0000 -0.8740
vn 0.3540 -0.0000 -0.9352
vn 0.2268 -0.0000 -0.9739
vn 0.1090 -0.0000 -0.9940
vn -0.0068 -0.0000 -1.0000
vn -0.1373 -0.0000 -0.9905
vn -0.2825 -0.0000 -0.9593
vn -0.4303 -0.0000 -0.9027
vn -0.5711 -0.0000 -0.8209
vn -0.6958 -0.0000 -0.7183
vn -0.7978 -0.0000 -0.6030
vn -0.8752 -0.0000 -0.4838
vn -0.9298 -0.0000 -0.3681
vn -0.9654 -0.0000 -0.2606
vn -0.9865 -0.0000 -0.1635
vn -0.9970 -0.0000 -0.0771
vn -0.9998 -0.0000 -0.0183
vn 0.9956 -0.0000 0.0934
vn 0.9810 -0.0000 0.1942
vn 0.9531 -0.0000 0.3028
vn 0.9088 -0.0000 0.4173
vn 0.8453 -0.0000 0.5344
vn 0.7608 -0.0000 0.6490
vn 0.6558 -0.0000 0.7549
vn 0.5336 -0.0000 0.8457
vn 0.4002 -0.0000 0.9164
vn 0.2627 -0.0000 0.9649
vn 0.1279 -0.0000 0.9918
vn 0.0090 -0.0000 1.0000
vn -0.0898 -0.0000 0.9960
vn -0.1836 -0.0000 0.9830
vn -0.2804 -0.0000 0.9599
vn -0.3780 -0.0000 0.9258
vn -0.4739 -0.0000 0.8806
vn -0.5655 -0.0000 0.8247
vn -0.6504 -0.0000 0.7596
vn -0.7265 -0.0000 0.6872
vn -0.7926 -0.0000 0.6098
vn -0.8482 -0.0000 0.5297
vn -0.8935 -0.0000 0.4492
vn -0.0990 -0.0000 0.9951
vn 0.7940 -0.0000 0.6079
vn 0.7520 -0.0000 0.6591
vn 0.7103 -0.0000 0.7039
vn 0.6707 -0.0000 0.7417
vn 0.6345 -0.0000 0.7729
vn 0.6030 -0.0000 0.7978
vn 0.5766 -0.0000 0.8171
vn 0.5556 -0.0000 0.8315
vn 0.5400 -0.0000 0.8417
vn 0.5296 -0.0000 0.8483
vn 0.5239 -0.0000 0.8518
vn 0.5253 -0.0000 0.8509
vn 0.5320 -0.0000 0.8468
vn 0.5396 -0.0000 0.8419
vn 0.5479 -0.0000 0.8365
vn 0.5563 -0.0000 0.8310
vn 0.5642 -0.0000 0.8256
vn 0.5712 -0.0000 0.8208
vn 0.5768 -0.0000 0.8169
vn 0.5810 -0.0000 0.8139
vn 0.5838 -0.0000 0.8119
vn 0.5854 -0.0000 0.8107
vn 0.5860 -0.0000 0.8103
vn -0.4549 -0.0000 0.8905
vn -0.8777 -0.0000 -0.4792
vn -0.5465 -0.0000 -0.8375
vn -0.5658 -0.0000 -0.8246
vn -0.5960 -0.0000 -0.8030
vn -0.6332 -0.0000 -0.7740
vn -0.6783 -0.0000 -0.7348
vn -0.7316 -0.0000 -0.6817
vn -0.7917 -0.0000 -0.6110
vn -0.8542 -0.0000 -0.5199
vn -0.9121 -0.0000 -0.4100
vn -0.9572 -0.0000 -0.2895
vn -0.9850 -0.0000 -0.1728
vn -0.9972 -0.0000 -0.0747
vn -0.9999 -0.0000 -0.0160
vn 0.9997 -0.0000 0.0225
vn 0.9998 -0.0000 -0.0221
vn 0.9955 -0.0000 -0.0944
vn 0.9794 -0.0000 -0.2017
vn 0.9466 -0.0000 -0.3226
vn 0.8916 -0.0000 -0.4529
vn 0.8110 -0.0000 -0.5851
vn 0.7054 -0.0000 -0.7088
vn 0.5810 -0.0000 -0.8139
vn 0.4477 -0.0000 -0.8942
vn 0.3156 -0.0000 -0.9489
vn 0.1924 -0.0000 -0.9813
vn 0.0817 -0.0000 -0.9967
vn -0.0185 -0.0000 -0.9998
vn -0.1239 -0.0000 -0.9923
vn -0.2462 -0.0000 -0.9692
vn -0.3813 -0.0000 -0.9245
vn -0.5215 -0.0000 -0.8533
vn -0.6551 -0.0000 -0.7555
vn -0.7705 -0.0000 -0.6374
vn -0.8604 -0.0000 -0.5096
vn -0.9235 -0.0000 -0.3835
vn -0.9637 -0.0000 -0.2671
vn -0.9864 -0.0000 -0.1644
vn -0.9971 -0.0000 -0.0762
vn -0.9998 -0.0000 -0.0178
vn -0.8404 -0.0000 -0.5420
vn -0.8347 -0.0000 0.5507
vn -0.5510 -0.0000 -0.8345
vn 0.8345 -0.0000 -0.5510
vn 0.8385 -0.0000 0.5449
vn -0.5449 -0.0000 0.8385
vn 0.5446 -0.0000 -0.8387
vn -0.9999 -0.0000 0.0137
vn 0.5560 -0.0000 0.8312
vt 0.400000 0.000000
vt 0.800000 0.000000
vt 0.600000 0.000000
vt 1.000000 0.000000
vt 0.000000 0.000000
vt 0.200000 0.000000
vt 0.666667 0.000000
vt 0.333333 0.000000
vt 0.500000 0.000000
vt 0.900000 0.000000
vt 0.700000 0.000000
vt 0.100000 0.000000
vt 0.300000 0.000000
vt 0.688172 0.000000
vt 0.989247 0.000000
vt 0.698925 0.000000
vt 0.709677 0.000000
vt 0.010753 0.000000
vt 0.021505 0.000000
vt 0.032258 0.000000
vt 0.043011 0.000000
vt 0.053763 0.000000
vt 0.064516 0.000000
vt 0.978495 0.000000
vt 0.075269 0.000000
vt 0.967742 0.000000
vt 0.956989 0.000000
vt 0.946237 0.000000
vt 0.086022 0.000000
vt 0.935484 0.000000
vt 0.924731 0.000000
vt 0.913979 0.000000
vt 0.096774 0.000000
vt 0.903226 0.000000
vt 0.892473 0.000000
vt 0.881720 0.000000
vt 0.107527 0.000000
vt 0.870968 0.000000
vt 0.860215 0.000000
vt 0.118280 0.000000
vt 0.849462 0.000000
vt 0.838710 0.000000
vt 0.129032 0.000000
vt 0.827957 0.000000
vt 0.139785 0.000000
vt 0.817204 0.000000
vt 0.806452 0.000000
vt 0.150538 0.000000
vt 0.795699 0.000000
vt 0.161290 0.000000
vt 0.784946 0.000000
vt 0.172043 0.000000
vt 0.774194 0.000000
vt 0.763441 0.000000
vt 0.182796 0.000000
vt 0.752688 0.000000
vt 0.741935 0.000000
vt 0.193548 0.000000
vt 0.731183 0.000000
vt 0.720430 0.000000
vt 0.204301 0.000000
vt 0.215054 0.000000
vt 0.225806 0.000000
vt 0.236559 0.000000
vt 0.247312 0.000000
vt 0.258065 0.000000
vt 0.268817 0.000000
vt 0.655914 0.000000
vt 0.645161 0.000000
vt 0.279570 0.000000
vt 0.677419 0.000000
vt 0.634409 0.000000
vt 0.623656 0.000000
vt 0.612903 0.000000
vt 0.290323 0.000000
vt 0.602151 0.000000
vt 0.591398 0.000000
vt 0.301075 0.000000
vt 0.580645 0.000000
vt 0.311828 0.000000
vt 0.569892 0.000000
vt 0.322581 0.000000
vt 0.559140 0.000000
vt 0.548387 0.000000
vt 0.344086 0.000000
vt 0.537634 0.000000
vt 0.354839 0.000000
vt 0.365591 0.000000
vt 0.526882 0.000000
vt 0.376344 0.000000
vt 0.516129 0.000000
vt 0.387097 0.000000
vt 0.397849 0.000000
vt 0.408602 0.000000
vt 0.419355 0.000000
vt 0.430108 0.000000
vt 0.440860 0.000000
vt 0.451613 0.000000
vt 0.462366 0.000000
vt 0.473118 0.000000
vt 0.483871 0.000000
vt 0.494624 0.000000
vt 0.505376 0.000000
vt 0.727273 0.000000
vt 0.818182 0.000000
vt 0.909091 0.000000
vt 0.090909 0.000000
vt 0.363636 0.000000
vt 0.181818 0.000000
vt 0.272727 0.000000
vt 0.454545 0.000000
vt 0.545455 0.000000
vt 0.636364 0.000000
vt 0.476190 0.000000
vt 0.733333 0.000000
vt 0.485714 0.000000
vt 0.009524 0.000000
vt 0.019048 0.000000
vt 0.028571 0.000000
vt 0.038095 0.000000
vt 0.047619 0.000000
vt 0.057143 0.000000
vt 0.066667 0.000000
vt 0.723810 0.000000
vt 0.076190 0.000000
vt 0.742857 0.000000
vt 0.714286 0.000000
vt 0.704762 0.000000
vt 0.085714 0.000000
vt 0.695238 0.000000
vt 0.685714 0.000000
vt 0.676190 0.000000
vt 0.095238 0.000000
vt 0.657143 0.000000
vt 0.647619 0.000000
vt 0.104762 0.000000
vt 0.638095 0.000000
vt 0.628571 0.000000
vt 0.114286 0.000000
vt 0.619048 0.000000
vt 0.609524 0.000000
vt 0.123810 0.000000
vt 0.133333 0.000000
vt 0.590476 0.000000
vt 0.142857 0.000000
vt 0.580952 0.000000
vt 0.152381 0.000000
vt 0.571429 0.000000
vt 0.161905 0.000000
vt 0.561905 0.000000
vt 0.171429 0.000000
vt 0.552381 0.000000
vt 0.180952 0.000000
vt 0.542857 0.000000
vt 0.533333 0.000000
vt 0.190476 0.000000
vt 0.523810 0.000000
vt 0.514286 0.000000
vt 0.504762 0.000000
vt 0.495238 0.000000
vt 0.990476 0.000000
vt 0.209524 0.000000
vt 0.219048 0.000000
vt 0.228571 0.000000
vt 0.238095 0.000000
vt 0.247619 0.000000
vt 0.257143 0.000000
vt 0.266667 0.000000
vt 0.276190 0.000000
vt 0.285714 0.000000
vt 0.980952 0.000000
vt 0.295238 0.000000
vt 0.971429 0.000000
vt 0.961905 0.000000
vt 0.952381 0.000000
vt 0.304762 0.000000
vt 0.942857 0.000000
vt 0.933333 0.000000
vt 0.314286 0.000000
vt 0.923810 0.000000
vt 0.914286 0.000000
vt 0.323810 0.000000
vt 0.904762 0.000000
vt 0.895238 0.000000
vt 0.885714 0.000000
vt 0.342857 0.000000
vt 0.876190 0.000000
vt 0.866667 0.000000
vt 0.352381 0.000000
vt 0.857143 0.000000
vt 0.847619 0.000000
vt 0.361905 0.000000
vt 0.838095 0.000000
vt 0.371429 0.000000
vt 0.828571 0.000000
vt 0.819048 0.000000
vt 0.380952 0.000000
vt 0.809524 0.000000
vt 0.390476 0.000000
vt 0.790476 0.000000
vt 0.780952 0.000000
vt 0.771429 0.000000
vt 0.761905 0.000000
vt 0.752381 0.000000
vt 0.409524 0.000000
vt 0.419048 0.000000
vt 0.428571 0.000000
vt 0.438095 0.000000
vt 0.447619 0.000000
vt 0.457143 0.000000
vt 0.466667 0.000000
vt 0.750000 0.000000
vt 0.625000 0.000000
vt 0.875000 0.000000
vt 0.125000 0.000000
vt 0.375000 0.000000
vt 0.250000 0.000000
vt 0.855670 0.000000
vt 0.876289 0.000000
vt 0.865979 0.000000
vt 0.886598 0.000000
vt 0.896907 0.000000
vt 0.845361 0.000000
vt 0.907216 0.000000
vt 0.917526 0.000000
vt 0.927835 0.000000
vt 0.835052 0.000000
vt 0.938144 0.000000
vt 0.948454 0.000000
vt 0.958763 0.000000
vt 0.824742 0.000000
vt 0.969072 0.000000
vt 0.979381 0.000000
vt 0.989691 0.000000
vt 0.814433 0.000000
vt 0.092784 0.000000
vt 0.082474 0.000000
vt 0.072165 0.000000
vt 0.061856 0.000000
vt 0.051546 0.000000
vt 0.041237 0.000000
vt 0.030928 0.000000
vt 0.020619 0.000000
vt 0.010309 0.000000
vt 0.804124 0.000000
vt 0.113402 0.000000
vt 0.103093 0.000000
vt 0.123711 0.000000
vt 0.134021 0.000000
vt 0.144330 0.000000
vt 0.793814 0.000000
vt 0.154639 0.000000
vt 0.164948 0.000000
vt 0.783505 0.000000
vt 0.175258 0.000000
vt 0.185567 0.000000
vt 0.773196 0.000000
vt 0.195876 0.000000
vt 0.762887 0.000000
vt 0.206186 0.000000
vt 0.216495 0.000000
vt 0.752577 0.000000
vt 0.226804 0.000000
vt 0.742268 0.000000
vt 0.237113 0.000000
vt 0.247423 0.000000
vt 0.731959 0.000000
vt 0.257732 0.000000
vt 0.721649 0.000000
vt 0.268041 0.000000
vt 0.711340 0.000000
vt 0.278351 0.000000
vt 0.701031 0.000000
vt 0.288660 0.000000
vt 0.690722 0.000000
vt 0.298969 0.000000
vt 0.474227 0.000000
vt 0.494845 0.000000
vt 0.484536 0.000000
vt 0.309278 0.000000
vt 0.463918 0.000000
vt 0.680412 0.000000
vt 0.453608 0.000000
vt 0.319588 0.000000
vt 0.443299 0.000000
vt 0.432990 0.000000
vt 0.329897 0.000000
vt 0.422680 0.000000
vt 0.670103 0.000000
vt 0.412371 0.000000
vt 0.340206 0.000000
vt 0.402062 0.000000
vt 0.391753 0.000000
vt 0.350515 0.000000
vt 0.381443 0.000000
vt 0.371134 0.000000
vt 0.360825 0.000000
vt 0.659794 0.000000
vt 0.505155 0.000000
vt 0.649485 0.000000
vt 0.515464 0.000000
vt 0.525773 0.000000
vt 0.536082 0.000000
vt 0.639175 0.000000
vt 0.546392 0.000000
vt 0.556701 0.000000
vt 0.567010 0.000000
vt 0.628866 0.000000
vt 0.577320 0.000000
vt 0.587629 0.000000
vt 0.597938 0.000000
vt 0.618557 0.000000
vt 0.608247 0.000000
vt 0.000000 1.000000
vt 0.010204 1.000000
vt 0.010204 0.000000
vt 0.020408 1.000000
vt 0.020408 0.000000
vt 0.030612 1.000000
vt 0.030612 0.000000
vt 0.040816 1.000000
vt 0.040816 0.000000
vt 0.051020 1.000000
vt 0.051020 0.000000
vt 0.061224 1.000000
vt 0.061224 0.000000
vt 0.071429 1.000000
vt 0.071429 0.000000
vt 0.081633 1.000000
vt 0.081633 0.000000
vt 0.091837 1.000000
vt 0.091837 0.000000
vt 0.102041 1.000000
vt 0.102041 0.000000
vt 0.112245 1.000000
vt 0.112245 0.000000
vt 0.122449 1.000000
vt 0.122449 0.000000
vt 0.132653 1.000000
vt 0.132653 0.000000
vt 0.142857 1.000000
vt 0.153061 1.000000
vt 0.153061 0.000000
vt 0.163265 1.000000
vt 0.163265 0.000000
vt 0.173469 1.000000
vt 0.173469 0.000000
vt 0.183673 1.000000
vt 0.183673 0.000000
vt 0.193878 1.000000
vt 0.193878 0.000000
vt 0.204082 1.000000
vt 0.204082 0.000000
vt 0.214286 1.000000
vt 0.214286 0.000000
vt 0.224490 1.000000
vt 0.224490 0.000000
vt 0.234694 1.000000
vt 0.234694 0.000000
vt 0.244898 1.000000
vt 0.244898 0.000000
vt 0.255102 1.000000
vt 0.255102 0.000000
vt 0.265306 1.000000
vt 0.265306 0.000000
vt 0.275510 1.000000
vt 0.275510 0.000000
vt 0.285714 1.000000
vt 0.295918 1.000000
vt 0.295918 0.000000
vt 0.306122 1.000000
vt 0.306122 0.000000
vt 0.316327 1.000000
vt 0.316327 0.000000
vt 0.326531 1.000000
vt 0.326531 0.000000
vt 0.336735 1.000000
vt 0.336735 0.000000
vt 0.346939 1.000000
vt 0.346939 0.000000
vt 0.357143 1.000000
vt 0.357143 0.000000
vt 0.367347 1.000000
vt 0.367347 0.000000
vt 0.377551 1.000000
vt 0.377551 0.000000
vt 0.387755 1.000000
vt 0.387755 0.000000
vt 0.397959 1.000000
vt 0.397959 0.000000
vt 0.408163 1.000000
vt 0.408163 0.000000
vt 0.418367 1.000000
vt 0.418367 0.000000
vt 0.428571 1.000000
vt 0.438776 1.000000
vt 0.438776 0.000000
vt 0.448980 1.000000
vt 0.448980 0.000000
vt 0.459184 1.000000
vt 0.459184 0.000000
vt 0.469388 1.000000
vt 0.469388 0.000000
vt 0.479592 1.000000
vt 0.479592 0.000000
vt 0.489796 1.000000
vt 0.489796 0.000000
vt 0.500000 1.000000
vt 0.510204 1.000000
vt 0.510204 0.000000
vt 0.520408 1.000000
vt 0.520408 0.000000
vt 0.530612 1.000000
vt 0.530612 0.000000
vt 0.540816 1.000000
vt 0.540816 0.000000
vt 0.551020 1.000000
vt 0.551020 0.000000
vt 0.561224 1.000000
vt 0.561224 0.000000
vt 0.571429 1.000000
vt 0.581633 1.000000
vt 0.581633 0.000000
vt 0.591837 1.000000
vt 0.591837 0.000000
vt 0.602041 1.000000
vt 0.602041 0.000000
vt 0.612245 1.000000
vt 0.612245 0.000000
vt 0.622449 1.000000
vt 0.622449 0.000000
vt 0.632653 1.000000
vt 0.632653 0.000000
vt 0.642857 1.000000
vt 0.642857 0.000000
vt 0.653061 1.000000
vt 0.653061 0.000000
vt 0.663265 1.000000
vt 0.663265 0.000000
vt 0.673469 1.000000
vt 0.673469 0.000000
vt 0.683673 1.000000
vt 0.683673 0.000000
vt 0.693878 1.000000
vt 0.693878 0.000000
vt 0.704082 1.000000
vt 0.704082 0.000000
vt 0.714286 1.000000
vt 0.724490 1.000000
vt 0.724490 0.000000
vt 0.734694 1.000000
vt 0.734694 0.000000
vt 0.744898 1.000000
vt 0.744898 0.000000
vt 0.755102 1.000000
vt 0.755102 0.000000
vt 0.765306 1.000000
vt 0.765306 0.000000
vt 0.775510 1.000000
vt 0.775510 0.000000
vt 0.785714 1.000000
vt 0.785714 0.000000
vt 0.795918 1.000000
vt 0.795918 0.000000
vt 0.806122 1.000000
vt 0.806122 0.000000
vt 0.816327 1.000000
vt 0.816327 0.000000
vt 0.826531 1.000000
vt 0.826531 0.000000
vt 0.836735 1.000000
vt 0.836735 0.000000
vt 0.846939 1.000000
vt 0.846939 0.000000
vt 0.857143 1.000000
vt 0.867347 1.000000
vt 0.867347 0.000000
vt 0.877551 1.000000
vt 0.877551 0.000000
vt 0.887755 1.000000
vt 0.887755 0.000000
vt 0.897959 1.000000
vt 0.897959 0.000000
vt 0.908163 1.000000
vt 0.908163 0.000000
vt 0.918367 1.000000
vt 0.918367 0.000000
vt 0.928571 1.000000
vt 0.928571 0.000000
vt 0.938776 1.000000
vt 0.938776 0.000000
vt 0.948980 1.000000
vt 0.948980 0.000000
vt 0.959184 1.000000
vt 0.959184 0.000000
vt 0.969388 1.000000
vt 0.969388 0.000000
vt 0.979592 1.000000
vt 0.979592 0.000000
vt 0.989796 1.000000
vt 0.989796 0.000000
vt 1.000000 1.000000
vt 0.111111 1.000000
vt 0.111111 0.000000
vt 0.222222 1.000000
vt 0.222222 0.000000
vt 0.333333 1.000000
vt 0.444444 1.000000
vt 0.444444 0.000000
vt 0.555556 1.000000
vt 0.555556 0.000000
vt 0.666667 1.000000
vt 0.777778 1.000000
vt 0.777778 0.000000
vt 0.888889 1.000000
vt 0.888889 0.000000
vt 0.019231 1.000000
vt 0.019231 0.000000
vt 0.038462 1.000000
vt 0.038462 0.000000
vt 0.057692 1.000000
vt 0.057692 0.000000
vt 0.076923 1.000000
vt 0.076923 0.000000
vt 0.096154 1.000000
vt 0.096154 0.000000
vt 0.115385 1.000000
vt 0.115385 0.000000
vt 0.134615 1.000000
vt 0.134615 0.000000
vt 0.153846 1.000000
vt 0.153846 0.000000
vt 0.173077 1.000000
vt 0.173077 0.000000
vt 0.192308 1.000000
vt 0.192308 0.000000
vt 0.211538 1.000000
vt 0.211538 0.000000
vt 0.230769 1.000000
vt 0.230769 0.000000
vt 0.250000 1.000000
vt 0.269231 1.000000
vt 0.269231 0.000000
vt 0.288462 1.000000
vt 0.288462 0.000000
vt 0.307692 1.000000
vt 0.307692 0.000000
vt 0.326923 1.000000
vt 0.326923 0.000000
vt 0.346154 1.000000
vt 0.346154 0.000000
vt 0.365385 1.000000
vt 0.365385 0.000000
vt 0.384615 1.000000
vt 0.384615 0.000000
vt 0.403846 1.000000
vt 0.403846 0.000000
vt 0.423077 1.000000
vt 0.423077 0.000000
vt 0.442308 1.000000
vt 0.442308 0.000000
vt 0.461538 1.000000
vt 0.461538 0.000000
vt 0.480769 1.000000
vt 0.480769 0.000000
vt 0.519231 1.000000
vt 0.519231 0.000000
vt 0.538462 1.000000
vt 0.538462 0.000000
vt 0.557692 1.000000
vt 0.557692 0.000000
vt 0.576923 1.000000
vt 0.576923 0.000000
vt 0.596154 1.000000
vt 0.596154 0.000000
vt 0.615385 1.000000
vt 0.615385 0.000000
vt 0.634615 1.000000
vt 0.634615 0.000000
vt 0.653846 1.000000
vt 0.653846 0.000000
vt 0.673077 1.000000
vt 0.673077 0.000000
vt 0.692308 1.000000
vt 0.692308 0.000000
vt 0.711538 1.000000
vt 0.711538 0.000000
vt 0.730769 1.000000
vt 0.730769 0.000000
vt 0.750000 1.000000
vt 0.769231 1.000000
vt 0.769231 0.000000
vt 0.788462 1.000000
vt 0.788462 0.000000
vt 0.807692 1.000000
vt 0.807692 0.000000
vt 0.826923 1.000000
vt 0.826923 0.000000
vt 0.846154 1.000000
vt 0.846154 0.000000
vt 0.865385 1.000000
vt 0.865385 0.000000
vt 0.884615 1.000000
vt 0.884615 0.000000
vt 0.903846 1.000000
vt 0.903846 0.000000
vt 0.923077 1.000000
vt 0.923077 0.000000
vt 0.942308 1.000000
vt 0.942308 0.000000
vt 0.961538 1.000000
vt 0.961538 0.000000
vt 0.980769 1.000000
vt 0.980769 0.000000
vt 0.037037 1.000000
vt 0.037037 0.000000
vt 0.074074 1.000000
vt 0.074074 0.000000
vt 0.148148 1.000000
vt 0.148148 0.000000
vt 0.185185 1.000000
vt 0.185185 0.000000
vt 0.259259 1.000000
vt 0.259259 0.000000
vt 0.296296 1.000000
vt 0.296296 0.000000
vt 0.370370 1.000000
vt 0.370370 0.000000
vt 0.407407 1.000000
vt 0.407407 0.000000
vt 0.481481 1.000000
vt 0.481481 0.000000
vt 0.518519 1.000000
vt 0.518519 0.000000
vt 0.592593 1.000000
vt 0.592593 0.000000
vt 0.629630 1.000000
vt 0.629630 0.000000
vt 0.703704 1.000000
vt 0.703704 0.000000
vt 0.740741 1.000000
vt 0.740741 0.000000
vt 0.814815 1.000000
vt 0.814815 0.000000
vt 0.851852 1.000000
vt 0.851852 0.000000
vt 0.925926 1.000000
vt 0.925926 0.000000
vt 0.962963 1.000000
vt 0.962963 0.000000
vt 0.083333 1.000000
vt 0.083333 0.000000
vt 0.166667 1.000000
vt 0.166667 0.000000
vt 0.416667 1.000000
vt 0.416667 0.000000
vt 0.583333 1.000000
vt 0.583333 0.000000
vt 0.833333 1.000000
vt 0.833333 0.000000
vt 0.916667 1.000000
vt 0.916667 0.000000
vt 0.014925 1.000000
vt 0.014925 0.000000
vt 0.029851 1.000000
vt 0.029851 0.000000
vt 0.044776 1.000000
vt 0.044776 0.000000
vt 0.059701 1.000000
vt 0.059701 0.000000
vt 0.074627 1.000000
vt 0.074627 0.000000
vt 0.089552 1.000000
vt 0.089552 0.000000
vt 0.104478 1.000000
vt 0.104478 0.000000
vt 0.119403 1.000000
vt 0.119403 0.000000
vt 0.134328 1.000000
vt 0.134328 0.000000
vt 0.149254 1.000000
vt 0.149254 0.000000
vt 0.164179 1.000000
vt 0.164179 0.000000
vt 0.179104 1.000000
vt 0.179104 0.000000
vt 0.194030 1.000000
vt 0.194030 0.000000
vt 0.208955 1.000000
vt 0.208955 0.000000
vt 0.223881 1.000000
vt 0.223881 0.000000
vt 0.238806 1.000000
vt 0.238806 0.000000
vt 0.253731 1.000000
vt 0.253731 0.000000
vt 0.268657 1.000000
vt 0.268657 0.000000
vt 0.283582 1.000000
vt 0.283582 0.000000
vt 0.298507 1.000000
vt 0.298507 0.000000
vt 0.313433 1.000000
vt 0.313433 0.000000
vt 0.328358 1.000000
vt 0.328358 0.000000
vt 0.343284 1.000000
vt 0.343284 0.000000
vt 0.358209 1.000000
vt 0.358209 0.000000
vt 0.373134 1.000000
vt 0.373134 0.000000
vt 0.388060 1.000000
vt 0.388060 0.000000
vt 0.402985 1.000000
vt 0.402985 0.000000
vt 0.417910 1.000000
vt 0.417910 0.000000
vt 0.432836 1.000000
vt 0.432836 0.000000
vt 0.447761 1.000000
vt 0.447761 0.000000
vt 0.462687 1.000000
vt 0.462687 0.000000
vt 0.477612 1.000000
vt 0.477612 0.000000
vt 0.492537 1.000000
vt 0.492537 0.000000
vt 0.507463 1.000000
vt 0.507463 0.000000
vt 0.522388 1.000000
vt 0.522388 0.000000
vt 0.537313 1.000000
vt 0.537313 0.000000
vt 0.552239 1.000000
vt 0.552239 0.000000
vt 0.567164 1.000000
vt 0.567164 0.000000
vt 0.582090 1.000000
vt 0.582090 0.000000
vt 0.597015 1.000000
vt 0.597015 0.000000
vt 0.611940 1.000000
vt 0.611940 0.000000
vt 0.626866 1.000000
vt 0.626866 0.000000
vt 0.641791 1.000000
vt 0.641791 0.000000
vt 0.656716 1.000000
vt 0.656716 0.000000
vt 0.671642 1.000000
vt 0.671642 0.000000
vt 0.686567 1.000000
vt 0.686567 0.000000
vt 0.701493 1.000000
vt 0.701493 0.000000
vt 0.716418 1.000000
vt 0.716418 0.000000
vt 0.731343 1.000000
vt 0.731343 0.000000
vt 0.746269 1.000000
vt 0.746269 0.000000
vt 0.761194 1.000000
vt 0.761194 0.000000
vt 0.776119 1.000000
vt 0.776119 0.000000
vt 0.791045 1.000000
vt 0.791045 0.000000
vt 0.805970 1.000000
vt 0.805970 0.000000
vt 0.820895 1.000000
vt 0.820895 0.000000
vt 0.835821 1.000000
vt 0.835821 0.000000
vt 0.850746 1.000000
vt 0.850746 0.000000
vt 0.865672 1.000000
vt 0.865672 0.000000
vt 0.880597 1.000000
vt 0.880597 0.000000
vt 0.895522 1.000000
vt 0.895522 0.000000
vt 0.910448 1.000000
vt 0.910448 0.000000
vt 0.925373 1.000000
vt 0.925373 0.000000
vt 0.940298 1.000000
vt 0.940298 0.000000
vt 0.955224 1.000000
vt 0.955224 0.000000
vt 0.970149 1.000000
vt 0.970149 0.000000
vt 0.985075 1.000000
vt 0.985075 0.000000
vt 0.125000 1.000000
vt 0.375000 1.000000
vt 0.625000 1.000000
vt 0.875000 1.000000
s 0
f 3/1/1 5/2/1 4/3/1
f 3/1/1 6/4/1 5/2/1
f 3/1/1 1/5/1 6/4/1
f 3/1/1 2/6/1 1/5/1
f 7/5/1 9/7/1 8/8/1
f 7/5/1 10/4/1 9/7/1
f 15/1/1 17/3/1 16/9/1
f 15/1/1 20/10/1 17/3/1
f 20/10/1 18/11/1 17/3/1
f 15/1/1 21/4/1 20/10/1
f 19/2/1 18/11/1 20/10/1
f 15/1/1 13/6/1 21/4/1
f 13/6/1 19/2/1 21/4/1
f 13/6/1 12/12/1 19/2/1
f 12/12/1 18/11/1 19/2/1
f 15/1/1 14/13/1 13/6/1
f 11/5/1 18/11/1 12/12/1
f 86/14/1 114/15/1 87/16/1
f 114/15/1 88/17/1 87/16/1
f 114/15/1 22/5/1 88/17/1
f 114/15/1 23/18/1 22/5/1
f 114/15/1 24/19/1 23/18/1
f 114/15/1 25/20/1 24/19/1
f 114/15/1 26/21/1 25/20/1
f 114/15/1 27/22/1 26/21/1
f 114/15/1 28/23/1 27/22/1
f 114/15/1 113/24/1 28/23/1
f 113/24/1 29/25/1 28/23/1
f 86/14/1 115/4/1 114/15/1
f 112/26/1 29/25/1 113/24/1
f 111/27/1 29/25/1 112/26/1
f 110/28/1 29/25/1 111/27/1
f 110/28/1 30/29/1 29/25/1
f 109/30/1 30/29/1 110/28/1
f 108/31/1 30/29/1 109/30/1
f 107/32/1 30/29/1 108/31/1
f 107/32/1 31/33/1 30/29/1
f 106/34/1 31/33/1 107/32/1
f 105/35/1 31/33/1 106/34/1
f 104/36/1 31/33/1 105/35/1
f 104/36/1 32/37/1 31/33/1
f 103/38/1 32/37/1 104/36/1
f 102/39/1 32/37/1 103/38/1
f 102/39/1 33/40/1 32/37/1
f 101/41/1 33/40/1 102/39/1
f 100/42/1 33/40/1 101/41/1
f 100/42/1 34/43/1 33/40/1
f 99/44/1 34/43/1 100/42/1
f 99/44/1 35/45/1 34/43/1
f 98/46/1 35/45/1 99/44/1
f 97/47/1 35/45/1 98/46/1
f 97/47/1 36/48/1 35/45/1
f 96/49/1 36/48/1 97/47/1
f 96/49/1 37/50/1 36/48/1
f 95/51/1 37/50/1 96/49/1
f 95/51/1 38/52/1 37/50/1
f 94/53/1 38/52/1 95/51/1
f 93/54/1 38/52/1 94/53/1
f 93/54/1 39/55/1 38/52/1
f 92/56/1 39/55/1 93/54/1
f 91/57/1 39/55/1 92/56/1
f 91/57/1 40/58/1 39/55/1
f 90/59/1 40/58/1 91/57/1
f 89/60/1 40/58/1 90/59/1
f 86/14/1 84/7/1 115/4/1
f 84/7/1 89/60/1 115/4/1
f 84/7/1 40/58/1 89/60/1
f 84/7/1 41/61/1 40/58/1
f 84/7/1 42/62/1 41/61/1
f 84/7/1 43/63/1 42/62/1
f 84/7/1 44/64/1 43/63/1
f 84/7/1 45/65/1 44/64/1
f 84/7/1 46/66/1 45/65/1
f 84/7/1 47/67/1 46/66/1
f 84/7/1 83/68/1 47/67/1
f 83/68/1 82/69/1 47/67/1
f 82/69/1 48/70/1 47/67/1
f 86/14/1 85/71/1 84/7/1
f 81/72/1 48/70/1 82/69/1
f 80/73/1 48/70/1 81/72/1
f 79/74/1 48/70/1 80/73/1
f 79/74/1 49/75/1 48/70/1
f 78/76/1 49/75/1 79/74/1
f 77/77/1 49/75/1 78/76/1
f 77/77/1 50/78/1 49/75/1
f 76/79/1 50/78/1 77/77/1
f 76/79/1 51/80/1 50/78/1
f 75/81/1 51/80/1 76/79/1
f 75/81/1 52/82/1 51/80/1
f 74/83/1 52/82/1 75/81/1
f 74/83/1 53/8/1 52/82/1
f 73/84/1 53/8/1 74/83/1
f 73/84/1 54/85/1 53/8/1
f 72/86/1 54/85/1 73/84/1
f 72/86/1 55/87/1 54/85/1
f 72/86/1 56/88/1 55/87/1
f 71/89/1 56/88/1 72/86/1
f 71/89/1 57/90/1 56/88/1
f 70/91/1 57/90/1 71/89/1
f 70/91/1 58/92/1 57/90/1
f 70/91/1 59/93/1 58/92/1
f 70/91/1 60/94/1 59/93/1
f 70/91/1 61/95/1 60/94/1
f 70/91/1 62/96/1 61/95/1
f 70/91/1 63/97/1 62/96/1
f 70/91/1 64/98/1 63/97/1
f 70/91/1 65/99/1 64/98/1
f 70/91/1 66/100/1 65/99/1
f 70/91/1 67/101/1 66/100/1
f 70/91/1 68/102/1 67/101/1
f 70/91/1 69/103/1 68/102/1
f 124/104/1 116/5/1 125/105/1
f 116/5/1 126/106/1 125/105/1
f 116/5/1 127/4/1 126/106/1
f 124/104/1 117/107/1 116/5/1
f 124/104/1 120/108/1 117/107/1
f 120/108/1 118/109/1 117/107/1
f 120/108/1 119/110/1 118/109/1
f 124/104/1 121/111/1 120/108/1
f 124/104/1 122/112/1 121/111/1
f 124/104/1 123/113/1 122/112/1
f 178/114/1 205/115/1 179/116/1
f 205/115/1 128/5/1 179/116/1
f 205/115/1 129/117/1 128/5/1
f 205/115/1 130/118/1 129/117/1
f 205/115/1 131/119/1 130/118/1
f 205/115/1 132/120/1 131/119/1
f 205/115/1 133/121/1 132/120/1
f 205/115/1 134/122/1 133/121/1
f 205/115/1 135/123/1 134/122/1
f 205/115/1 204/124/1 135/123/1
f 204/124/1 136/125/1 135/123/1
f 178/114/1 206/126/1 205/115/1
f 203/127/1 136/125/1 204/124/1
f 202/128/1 136/125/1 203/127/1
f 202/128/1 137/129/1 136/125/1
f 201/130/1 137/129/1 202/128/1
f 200/131/1 137/129/1 201/130/1
f 199/132/1 137/129/1 200/131/1
f 198/7/1 137/129/1 199/132/1
f 198/7/1 138/133/1 137/129/1
f 197/134/1 138/133/1 198/7/1
f 196/135/1 138/133/1 197/134/1
f 196/135/1 139/136/1 138/133/1
f 195/137/1 139/136/1 196/135/1
f 194/138/1 139/136/1 195/137/1
f 194/138/1 140/139/1 139/136/1
f 193/140/1 140/139/1 194/138/1
f 192/141/1 140/139/1 193/140/1
f 192/141/1 141/142/1 140/139/1
f 191/3/1 141/142/1 192/141/1
f 191/3/1 142/143/1 141/142/1
f 190/144/1 142/143/1 191/3/1
f 190/144/1 143/145/1 142/143/1
f 189/146/1 143/145/1 190/144/1
f 189/146/1 144/147/1 143/145/1
f 188/148/1 144/147/1 189/146/1
f 188/148/1 145/149/1 144/147/1
f 187/150/1 145/149/1 188/148/1
f 187/150/1 146/151/1 145/149/1
f 186/152/1 146/151/1 187/150/1
f 186/152/1 147/153/1 146/151/1
f 185/154/1 147/153/1 186/152/1
f 184/155/1 147/153/1 185/154/1
f 184/155/1 148/156/1 147/153/1
f 183/157/1 148/156/1 184/155/1
f 183/157/1 149/6/1 148/156/1
f 182/158/1 149/6/1 183/157/1
f 181/159/1 149/6/1 182/158/1
f 180/160/1 149/6/1 181/159/1
f 178/114/1 232/161/1 206/126/1
f 232/161/1 180/160/1 206/126/1
f 232/161/1 149/6/1 180/160/1
f 232/161/1 150/162/1 149/6/1
f 232/161/1 151/163/1 150/162/1
f 232/161/1 152/164/1 151/163/1
f 232/161/1 153/165/1 152/164/1
f 232/161/1 154/166/1 153/165/1
f 232/161/1 155/167/1 154/166/1
f 232/161/1 156/168/1 155/167/1
f 232/161/1 157/169/1 156/168/1
f 232/161/1 158/170/1 157/169/1
f 232/161/1 231/171/1 158/170/1
f 231/171/1 159/172/1 158/170/1
f 178/114/1 233/4/1 232/161/1
f 230/173/1 159/172/1 231/171/1
f 229/174/1 159/172/1 230/173/1
f 228/175/1 159/172/1 229/174/1
f 228/175/1 160/176/1 159/172/1
f 227/177/1 160/176/1 228/175/1
f 226/178/1 160/176/1 227/177/1
f 226/178/1 161/179/1 160/176/1
f 225/180/1 161/179/1 226/178/1
f 224/181/1 161/179/1 225/180/1
f 224/181/1 162/182/1 161/179/1
f 223/183/1 162/182/1 224/181/1
f 222/184/1 162/182/1 223/183/1
f 222/184/1 163/8/1 162/182/1
f 221/185/1 163/8/1 222/184/1
f 221/185/1 164/186/1 163/8/1
f 220/187/1 164/186/1 221/185/1
f 219/188/1 164/186/1 220/187/1
f 219/188/1 165/189/1 164/186/1
f 218/190/1 165/189/1 219/188/1
f 217/191/1 165/189/1 218/190/1
f 217/191/1 166/192/1 165/189/1
f 216/193/1 166/192/1 217/191/1
f 216/193/1 167/194/1 166/192/1
f 215/195/1 167/194/1 216/193/1
f 214/196/1 167/194/1 215/195/1
f 214/196/1 168/197/1 167/194/1
f 213/198/1 168/197/1 214/196/1
f 212/2/1 168/197/1 213/198/1
f 212/2/1 169/199/1 168/197/1
f 211/200/1 169/199/1 212/2/1
f 210/201/1 169/199/1 211/200/1
f 209/202/1 169/199/1 210/201/1
f 209/202/1 170/1/1 169/199/1
f 208/203/1 170/1/1 209/202/1
f 207/204/1 170/1/1 208/203/1
f 178/114/1 207/204/1 233/4/1
f 178/114/1 170/1/1 207/204/1
f 178/114/1 171/205/1 170/1/1
f 178/114/1 172/206/1 171/205/1
f 178/114/1 173/207/1 172/206/1
f 178/114/1 174/208/1 173/207/1
f 178/114/1 175/209/1 174/208/1
f 178/114/1 176/210/1 175/209/1
f 178/114/1 177/211/1 176/210/1
f 238/9/1 240/212/1 239/213/1
f 238/9/1 241/214/1 240/212/1
f 241/214/1 234/5/1 242/4/1
f 241/214/1 235/215/1 234/5/1
f 238/9/1 235/215/1 241/214/1
f 237/216/1 235/215/1 238/9/1
f 237/216/1 236/217/1 235/215/1
f 326/218/1 328/219/1 327/220/1
f 326/218/1 329/221/1 328/219/1
f 326/218/1 330/222/1 329/221/1
f 325/223/1 330/222/1 326/218/1
f 325/223/1 331/224/1 330/222/1
f 325/223/1 332/225/1 331/224/1
f 325/223/1 333/226/1 332/225/1
f 324/227/1 333/226/1 325/223/1
f 324/227/1 334/228/1 333/226/1
f 324/227/1 335/229/1 334/228/1
f 324/227/1 336/230/1 335/229/1
f 323/231/1 336/230/1 324/227/1
f 323/231/1 337/232/1 336/230/1
f 323/231/1 338/233/1 337/232/1
f 323/231/1 339/234/1 338/233/1
f 322/235/1 339/234/1 323/231/1
f 322/235/1 252/236/1 339/234/1
f 252/236/1 251/237/1 339/234/1
f 251/237/1 250/238/1 339/234/1
f 250/238/1 249/239/1 339/234/1
f 249/239/1 248/240/1 339/234/1
f 248/240/1 247/241/1 339/234/1
f 247/241/1 246/242/1 339/234/1
f 246/242/1 245/243/1 339/234/1
f 245/243/1 244/244/1 339/234/1
f 244/244/1 243/5/1 339/234/1
f 243/5/1 340/4/1 339/234/1
f 321/245/1 254/246/1 322/235/1
f 254/246/1 253/247/1 322/235/1
f 253/247/1 252/236/1 322/235/1
f 321/245/1 255/248/1 254/246/1
f 321/245/1 256/249/1 255/248/1
f 321/245/1 257/250/1 256/249/1
f 320/251/1 257/250/1 321/245/1
f 320/251/1 258/252/1 257/250/1
f 320/251/1 259/253/1 258/252/1
f 319/254/1 259/253/1 320/251/1
f 319/254/1 260/255/1 259/253/1
f 319/254/1 261/256/1 260/255/1
f 318/257/1 261/256/1 319/254/1
f 318/257/1 262/258/1 261/256/1
f 317/259/1 262/258/1 318/257/1
f 317/259/1 263/260/1 262/258/1
f 317/259/1 264/261/1 263/260/1
f 316/262/1 264/261/1 317/259/1
f 316/262/1 265/263/1 264/261/1
f 315/264/1 265/263/1 316/262/1
f 315/264/1 266/265/1 265/263/1
f 315/264/1 267/266/1 266/265/1
f 314/267/1 267/266/1 315/264/1
f 314/267/1 268/268/1 267/266/1
f 313/269/1 268/268/1 314/267/1
f 313/269/1 269/270/1 268/268/1
f 312/271/1 269/270/1 313/269/1
f 312/271/1 270/272/1 269/270/1
f 311/273/1 270/272/1 312/271/1
f 311/273/1 271/274/1 270/272/1
f 310/275/1 271/274/1 311/273/1
f 310/275/1 272/276/1 271/274/1
f 289/277/1 291/278/1 290/279/1
f 310/275/1 273/280/1 272/276/1
f 288/281/1 291/278/1 289/277/1
f 309/282/1 273/280/1 310/275/1
f 287/283/1 291/278/1 288/281/1
f 309/282/1 274/284/1 273/280/1
f 286/285/1 291/278/1 287/283/1
f 285/286/1 291/278/1 286/285/1
f 309/282/1 275/287/1 274/284/1
f 284/288/1 291/278/1 285/286/1
f 308/289/1 275/287/1 309/282/1
f 283/290/1 291/278/1 284/288/1
f 308/289/1 276/291/1 275/287/1
f 282/292/1 291/278/1 283/290/1
f 281/293/1 291/278/1 282/292/1
f 308/289/1 277/294/1 276/291/1
f 280/295/1 291/278/1 281/293/1
f 279/296/1 291/278/1 280/295/1
f 308/289/1 278/297/1 277/294/1
f 278/297/1 291/278/1 279/296/1
f 308/289/1 291/278/1 278/297/1
f 307/298/1 291/278/1 308/289/1
f 307/298/1 292/299/1 291/278/1
f 306/300/1 292/299/1 307/298/1
f 306/300/1 293/301/1 292/299/1
f 306/300/1 294/302/1 293/301/1
f 306/300/1 295/303/1 294/302/1
f 305/304/1 295/303/1 306/300/1
f 305/304/1 296/305/1 295/303/1
f 305/304/1 297/306/1 296/305/1
f 305/304/1 298/307/1 297/306/1
f 304/308/1 298/307/1 305/304/1
f 304/308/1 299/309/1 298/307/1
f 304/308/1 300/310/1 299/309/1
f 304/308/1 301/311/1 300/310/1
f 303/312/1 301/311/1 304/308/1
f 303/312/1 302/313/1 301/311/1
f 343/1/2 344/3/2 345/2/2
f 343/1/2 345/2/2 346/4/2
f 343/1/2 346/4/2 341/5/2
f 343/1/2 341/5/2 342/6/2
f 347/5/2 348/8/2 349/7/2
f 347/5/2 349/7/2 350/4/2
f 355/1/2 356/9/2 357/3/2
f 355/1/2 357/3/2 360/10/2
f 360/10/2 357/3/2 358/11/2
f 355/1/2 360/10/2 361/4/2
f 359/2/2 360/10/2 358/11/2
f 355/1/2 361/4/2 353/6/2
f 353/6/2 361/4/2 359/2/2
f 353/6/2 359/2/2 352/12/2
f 352/12/2 359/2/2 358/11/2
f 355/1/2 353/6/2 354/13/2
f 351/5/2 352/12/2 358/11/2
f 426/14/2 427/16/2 454/15/2
f 454/15/2 427/16/2 428/17/2
f 454/15/2 428/17/2 362/5/2
f 454/15/2 362/5/2 363/18/2
f 454/15/2 363/18/2 364/19/2
f 454/15/2 364/19/2 365/20/2
f 454/15/2 365/20/2 366/21/2
f 454/15/2 366/21/2 367/22/2
f 454/15/2 367/22/2 368/23/2
f 454/15/2 368/23/2 453/24/2
f 453/24/2 368/23/2 369/25/2
f 426/14/2 454/15/2 455/4/2
f 452/26/2 453/24/2 369/25/2
f 451/27/2 452/26/2 369/25/2
f 450/28/2 451/27/2 369/25/2
f 450/28/2 369/25/2 370/29/2
f 449/30/2 450/28/2 370/29/2
f 448/31/2 449/30/2 370/29/2
f 447/32/2 448/31/2 370/29/2
f 447/32/2 370/29/2 371/33/2
f 446/34/2 447/32/2 371/33/2
f 445/35/2 446/34/2 371/33/2
f 444/36/2 445/35/2 371/33/2
f 444/36/2 371/33/2 372/37/2
f 443/38/2 444/36/2 372/37/2
f 442/39/2 443/38/2 372/37/2
f 442/39/2 372/37/2 373/40/2
f 441/41/2 442/39/2 373/40/2
f 440/42/2 441/41/2 373/40/2
f 440/42/2 373/40/2 374/43/2
f 439/44/2 440/42/2 374/43/2
f 439/44/2 374/43/2 375/45/2
f 438/46/2 439/44/2 375/45/2
f 437/47/2 438/46/2 375/45/2
f 437/47/2 375/45/2 376/48/2
f 436/49/2 437/47/2 376/48/2
f 436/49/2 376/48/2 377/50/2
f 435/51/2 436/49/2 377/50/2
f 435/51/2 377/50/2 378/52/2
f 434/53/2 435/51/2 378/52/2
f 433/54/2 434/53/2 378/52/2
f 433/54/2 378/52/2 379/55/2
f 432/56/2 433/54/2 379/55/2
f 431/57/2 432/56/2 379/55/2
f 431/57/2 379/55/2 380/58/2
f 430/59/2 431/57/2 380/58/2
f 429/60/2 430/59/2 380/58/2
f 426/14/2 455/4/2 424/7/2
f 424/7/2 455/4/2 429/60/2
f 424/7/2 429/60/2 380/58/2
f 424/7/2 380/58/2 381/61/2
f 424/7/2 381/61/2 382/62/2
f 424/7/2 382/62/2 383/63/2
f 424/7/2 383/63/2 384/64/2
f 424/7/2 384/64/2 385/65/2
f 424/7/2 385/65/2 386/66/2
f 424/7/2 386/66/2 387/67/2
f 424/7/2 387/67/2 423/68/2
f 423/68/2 387/67/2 422/69/2
f 422/69/2 387/67/2 388/70/2
f 426/14/2 424/7/2 425/71/2
f 421/72/2 422/69/2 388/70/2
f 420/73/2 421/72/2 388/70/2
f 419/74/2 420/73/2 388/70/2
f 419/74/2 388/70/2 389/75/2
f 418/76/2 419/74/2 389/75/2
f 417/77/2 418/76/2 389/75/2
f 417/77/2 389/75/2 390/78/2
f 416/79/2 417/77/2 390/78/2
f 416/79/2 390/78/2 391/80/2
f 415/81/2 416/79/2 391/80/2
f 415/81/2 391/80/2 392/82/2
f 414/83/2 415/81/2 392/82/2
f 414/83/2 392/82/2 393/8/2
f 413/84/2 414/83/2 393/8/2
f 413/84/2 393/8/2 394/85/2
f 412/86/2 413/84/2 394/85/2
f 412/86/2 394/85/2 395/87/2
f 412/86/2 395/87/2 396/88/2
f 411/89/2 412/86/2 396/88/2
f 411/89/2 396/88/2 397/90/2
f 410/91/2 411/89/2 397/90/2
f 410/91/2 397/90/2 398/92/2
f 410/91/2 398/92/2 399/93/2
f 410/91/2 399/93/2 400/94/2
f 410/91/2 400/94/2 401/95/2
f 410/91/2 401/95/2 402/96/2
f 410/91/2 402/96/2 403/97/2
f 410/91/2 403/97/2 404/98/2
f 410/91/2 404/98/2 405/99/2
f 410/91/2 405/99/2 406/100/2
f 410/91/2 406/100/2 407/101/2
f 410/91/2 407/101/2 408/102/2
f 410/91/2 408/102/2 409/103/2
f 464/104/2 465/105/2 456/5/2
f 456/5/2 465/105/2 466/106/2
f 456/5/2 466/106/2 467/4/2
f 464/104/2 456/5/2 457/107/2
f 464/104/2 457/107/2 460/108/2
f 460/108/2 457/107/2 458/109/2
f 460/108/2 458/109/2 459/110/2
f 464/104/2 460/108/2 461/111/2
f 464/104/2 461/111/2 462/112/2
f 464/104/2 462/112/2 463/113/2
f 518/114/2 519/116/2 545/115/2
f 545/115/2 519/116/2 468/5/2
f 545/115/2 468/5/2 469/117/2
f 545/115/2 469/117/2 470/118/2
f 545/115/2 470/118/2 471/119/2
f 545/115/2 471/119/2 472/120/2
f 545/115/2 472/120/2 473/121/2
f 545/115/2 473/121/2 474/122/2
f 545/115/2 474/122/2 475/123/2
f 545/115/2 475/123/2 544/124/2
f 544/124/2 475/123/2 476/125/2
f 518/114/2 545/115/2 546/126/2
f 543/127/2 544/124/2 476/125/2
f 542/128/2 543/127/2 476/125/2
f 542/128/2 476/125/2 477/129/2
f 541/130/2 542/128/2 477/129/2
f 540/131/2 541/130/2 477/129/2
f 539/132/2 540/131/2 477/129/2
f 538/7/2 539/132/2 477/129/2
f 538/7/2 477/129/2 478/133/2
f 537/134/2 538/7/2 478/133/2
f 536/135/2 537/134/2 478/133/2
f 536/135/2 478/133/2 479/136/2
f 535/137/2 536/135/2 479/136/2
f 534/138/2 535/137/2 479/136/2
f 534/138/2 479/136/2 480/139/2
f 533/140/2 534/138/2 480/139/2
f 532/141/2 533/140/2 480/139/2
f 532/141/2 480/139/2 481/142/2
f 531/3/2 532/141/2 481/142/2
f 531/3/2 481/142/2 482/143/2
f 530/144/2 531/3/2 482/143/2
f 530/144/2 482/143/2 483/145/2
f 529/146/2 530/144/2 483/145/2
f 529/146/2 483/145/2 484/147/2
f 528/148/2 529/146/2 484/147/2
f 528/148/2 484/147/2 485/149/2
f 527/150/2 528/148/2 485/149/2
f 527/150/2 485/149/2 486/151/2
f 526/152/2 527/150/2 486/151/2
f 526/152/2 486/151/2 487/153/2
f 525/154/2 526/152/2 487/153/2
f 524/155/2 525/154/2 487/153/2
f 524/155/2 487/153/2 488/156/2
f 523/157/2 524/155/2 488/156/2
f 523/157/2 488/156/2 489/6/2
f 522/158/2 523/157/2 489/6/2
f 521/159/2 522/158/2 489/6/2
f 520/160/2 521/159/2 489/6/2
f 518/114/2 546/126/2 572/161/2
f 572/161/2 546/126/2 520/160/2
f 572/161/2 520/160/2 489/6/2
f 572/161/2 489/6/2 490/162/2
f 572/161/2 490/162/2 491/163/2
f 572/161/2 491/163/2 492/164/2
f 572/161/2 492/164/2 493/165/2
f 572/161/2 493/165/2 494/166/2
f 572/161/2 494/166/2 495/167/2
f 572/161/2 495/167/2 496/168/2
f 572/161/2 496/168/2 497/169/2
f 572/161/2 497/169/2 498/170/2
f 572/161/2 498/170/2 571/171/2
f 571/171/2 498/170/2 499/172/2
f 518/114/2 572/161/2 573/4/2
f 570/173/2 571/171/2 499/172/2
f 569/174/2 570/173/2 499/172/2
f 568/175/2 569/174/2 499/172/2
f 568/175/2 499/172/2 500/176/2
f 567/177/2 568/175/2 500/176/2
f 566/178/2 567/177/2 500/176/2
f 566/178/2 500/176/2 501/179/2
f 565/180/2 566/178/2 501/179/2
f 564/181/2 565/180/2 501/179/2
f 564/181/2 501/179/2 502/182/2
f 563/183/2 564/181/2 502/182/2
f 562/184/2 563/183/2 502/182/2
f 562/184/2 502/182/2 503/8/2
f 561/185/2 562/184/2 503/8/2
f 561/185/2 503/8/2 504/186/2
f 560/187/2 561/185/2 504/186/2
f 559/188/2 560/187/2 504/186/2
f 559/188/2 504/186/2 505/189/2
f 558/190/2 559/188/2 505/189/2
f 557/191/2 558/190/2 505/189/2
f 557/191/2 505/189/2 506/192/2
f 556/193/2 557/191/2 506/192/2
f 556/193/2 506/192/2 507/194/2
f 555/195/2 556/193/2 507/194/2
f 554/196/2 555/195/2 507/194/2
f 554/196/2 507/194/2 508/197/2
f 553/198/2 554/196/2 508/197/2
f 552/2/2 553/198/2 508/197/2
f 552/2/2 508/197/2 509/199/2
f 551/200/2 552/2/2 509/199/2
f 550/201/2 551/200/2 509/199/2
f 549/202/2 550/201/2 509/199/2
f 549/202/2 509/199/2 510/1/2
f 548/203/2 549/202/2 510/1/2
f 547/204/2 548/203/2 510/1/2
f 518/114/2 573/4/2 547/204/2
f 518/114/2 547/204/2 510/1/2
f 518/114/2 510/1/2 511/205/2
f 518/114/2 511/205/2 512/206/2
f 518/114/2 512/206/2 513/207/2
f 518/114/2 513/207/2 514/208/2
f 518/114/2 514/208/2 515/209/2
f 518/114/2 515/209/2 516/210/2
f 518/114/2 516/210/2 517/211/2
f 578/9/2 579/213/2 580/212/2
f 578/9/2 580/212/2 581/214/2
f 581/214/2 582/4/2 574/5/2
f 581/214/2 574/5/2 575/215/2
f 578/9/2 581/214/2 575/215/2
f 577/216/2 578/9/2 575/215/2
f 577/216/2 575/215/2 576/217/2
f 666/218/2 667/220/2 668/219/2
f 666/218/2 668/219/2 669/221/2
f 666/218/2 669/221/2 670/222/2
f 665/223/2 666/218/2 670/222/2
f 665/223/2 670/222/2 671/224/2
f 665/223/2 671/224/2 672/225/2
f 665/223/2 672/225/2 673/226/2
f 664/227/2 665/223/2 673/226/2
f 664/227/2 673/226/2 674/228/2
f 664/227/2 674/228/2 675/229/2
f 664/227/2 675/229/2 676/230/2
f 663/231/2 664/227/2 676/230/2
f 663/231/2 676/230/2 677/232/2
f 663/231/2 677/232/2 678/233/2
f 663/231/2 678/233/2 679/234/2
f 662/235/2 663/231/2 679/234/2
f 662/235/2 679/234/2 592/236/2
f 592/236/2 679/234/2 591/237/2
f 591/237/2 679/234/2 590/238/2
f 590/238/2 679/234/2 589/239/2
f 589/239/2 679/234/2 588/240/2
f 588/240/2 679/234/2 587/241/2
f 587/241/2 679/234/2 586/242/2
f 586/242/2 679/234/2 585/243/2
f 585/243/2 679/234/2 584/244/2
f 584/244/2 679/234/2 583/5/2
f 583/5/2 679/234/2 680/4/2
f 661/245/2 662/235/2 594/246/2
f 594/246/2 662/235/2 593/247/2
f 593/247/2 662/235/2 592/236/2
f 661/245/2 594/246/2 595/248/2
f 661/245/2 595/248/2 596/249/2
f 661/245/2 596/249/2 597/250/2
f 660/251/2 661/245/2 597/250/2
f 660/251/2 597/250/2 598/252/2
f 660/251/2 598/252/2 599/253/2
f 659/254/2 660/251/2 599/253/2
f 659/254/2 599/253/2 600/255/2
f 659/254/2 600/255/2 601/256/2
f 658/257/2 659/254/2 601/256/2
f 658/257/2 601/256/2 602/258/2
f 657/259/2 658/257/2 602/258/2
f 657/259/2 602/258/2 603/260/2
f 657/259/2 603/260/2 604/261/2
f 656/262/2 657/259/2 604/261/2
f 656/262/2 604/261/2 605/263/2
f 655/264/2 656/262/2 605/263/2
f 655/264/2 605/263/2 606/265/2
f 655/264/2 606/265/2 607/266/2
f 654/267/2 655/264/2 607/266/2
f 654/267/2 607/266/2 608/268/2
f 653/269/2 654/267/2 608/268/2
f 653/269/2 608/268/2 609/270/2
f 652/271/2 653/269/2 609/270/2
f 652/271/2 609/270/2 610/272/2
f 651/273/2 652/271/2 610/272/2
f 651/273/2 610/272/2 611/274/2
f 650/275/2 651/273/2 611/274/2
f 650/275/2 611/274/2 612/276/2
f 629/277/2 630/279/2 631/278/2
f 650/275/2 612/276/2 613/280/2
f 628/281/2 629/277/2 631/278/2
f 649/282/2 650/275/2 613/280/2
f 627/283/2 628/281/2 631/278/2
f 649/282/2 613/280/2 614/284/2
f 626/285/2 627/283/2 631/278/2
f 625/286/2 626/285/2 631/278/2
f 649/282/2 614/284/2 615/287/2
f 624/288/2 625/286/2 631/278/2
f 648/289/2 649/282/2 615/287/2
f 623/290/2 624/288/2 631/278/2
f 648/289/2 615/287/2 616/291/2
f 622/292/2 623/290/2 631/278/2
f 621/293/2 622/292/2 631/278/2
f 648/289/2 616/291/2 617/294/2
f 620/295/2 621/293/2 631/278/2
f 619/296/2 620/295/2 631/278/2
f 648/289/2 617/294/2 618/297/2
f 618/297/2 619/296/2 631/278/2
f 648/289/2 618/297/2 631/278/2
f 647/298/2 648/289/2 631/278/2
f 647/298/2 631/278/2 632/299/2
f 646/300/2 647/298/2 632/299/2
f 646/300/2 632/299/2 633/301/2
f 646/300/2 633/301/2 634/302/2
f 646/300/2 634/302/2 635/303/2
f 645/304/2 646/300/2 635/303/2
f 645/304/2 635/303/2 636/305/2
f 645/304/2 636/305/2 637/306/2
f 645/304/2 637/306/2 638/307/2
f 644/308/2 645/304/2 638/307/2
f 644/308/2 638/307/2 639/309/2
f 644/308/2 639/309/2 640/310/2
f 644/308/2 640/310/2 641/311/2
f 643/312/2 644/308/2 641/311/2
f 643/312/2 641/311/2 642/313/2
s 1
f 682/314/3 684/315/4 683/316/4 681/5/3
f 684/315/4 686/317/5 685/318/5 683/316/4
f 686/317/5 688/319/6 687/320/6 685/318/5
f 688/319/6 690/321/7 689/322/7 687/320/6
f 690/321/7 692/323/8 691/324/8 689/322/7
f 692/323/8 694/325/9 693/326/9 691/324/8
f 694/325/9 696/327/10 695/328/10 693/326/9
f 696/327/10 698/329/11 697/330/11 695/328/10
f 698/329/11 700/331/12 699/332/12 697/330/11
f 700/331/12 702/333/13 701/334/13 699/332/12
f 702/333/13 704/335/14 703/336/14 701/334/13
f 704/335/14 706/337/15 705/338/15 703/336/14
f 706/337/15 708/339/16 707/340/16 705/338/15
f 708/339/16 710/341/17 709/145/17 707/340/16
f 710/341/17 712/342/18 711/343/18 709/145/17
f 712/342/18 714/344/19 713/345/19 711/343/18
f 714/344/19 716/346/20 715/347/20 713/345/19
f 716/346/20 718/348/21 717/349/21 715/347/20
f 718/348/21 720/350/22 719/351/22 717/349/21
f 720/350/22 722/352/23 721/353/23 719/351/22
f 722/352/23 724/354/24 723/355/24 721/353/23
f 724/354/24 726/356/25 725/357/25 723/355/24
f 726/356/25 728/358/26 727/359/26 725/357/25
f 728/358/26 730/360/27 729/361/27 727/359/26
f 730/360/27 732/362/28 731/363/28 729/361/27
f 732/362/28 734/364/29 733/365/29 731/363/28
f 734/364/29 736/366/30 735/367/30 733/365/29
f 736/366/30 738/368/31 737/170/31 735/367/30
f 738/368/31 740/369/32 739/370/32 737/170/31
f 740/369/32 742/371/33 741/372/33 739/370/32
f 742/371/33 744/373/34 743/374/34 741/372/33
f 744/373/34 746/375/35 745/376/35 743/374/34
f 746/375/35 748/377/36 747/378/36 745/376/35
f 748/377/36 750/379/37 749/380/37 747/378/36
f 750/379/37 752/381/38 751/382/38 749/380/37
f 752/381/38 754/383/39 753/384/39 751/382/38
f 754/383/39 756/385/40 755/386/40 753/384/39
f 756/385/40 758/387/41 757/388/41 755/386/40
f 758/387/41 760/389/42 759/390/42 757/388/41
f 760/389/42 762/391/43 761/392/43 759/390/42
f 762/391/43 764/393/44 763/394/44 761/392/43
f 764/393/44 766/395/45 765/207/45 763/394/44
f 766/395/45 768/396/46 767/397/46 765/207/45
f 768/396/46 770/398/47 769/399/47 767/397/46
f 770/398/47 772/400/48 771/401/48 769/399/47
f 772/400/48 774/402/49 773/403/49 771/401/48
f 774/402/49 776/404/50 775/405/50 773/403/49
f 776/404/50 778/406/51 777/407/51 775/405/50
f 778/406/51 780/408/52 779/9/52 777/407/51
f 780/408/52 782/409/53 781/410/53 779/9/52
f 782/409/53 784/411/54 783/412/54 781/410/53
f 784/411/54 786/413/55 785/414/55 783/412/54
f 786/413/55 788/415/56 787/416/56 785/414/55
f 788/415/56 790/417/57 789/418/57 787/416/56
f 790/417/57 792/419/58 791/420/58 789/418/57
f 792/419/58 794/421/59 793/148/59 791/420/58
f 794/421/59 796/422/60 795/423/60 793/148/59
f 796/422/60 798/424/61 797/425/61 795/423/60
f 798/424/61 800/426/62 799/427/62 797/425/61
f 800/426/62 802/428/63 801/429/63 799/427/62
f 802/428/63 804/430/64 803/431/64 801/429/63
f 804/430/64 806/432/65 805/433/65 803/431/64
f 806/432/65 808/434/66 807/435/66 805/433/65
f 808/434/66 810/436/67 809/437/67 807/435/66
f 810/436/67 812/438/68 811/439/68 809/437/67
f 812/438/68 814/440/69 813/441/69 811/439/68
f 814/440/69 816/442/70 815/443/70 813/441/69
f 816/442/70 818/444/71 817/445/71 815/443/70
f 818/444/71 820/446/72 819/447/72 817/445/71
f 820/446/72 822/448/73 821/127/73 819/447/72
f 822/448/73 824/449/74 823/450/74 821/127/73
f 824/449/74 826/451/75 825/452/75 823/450/74
f 826/451/75 828/453/76 827/454/76 825/452/75
f 828/453/76 830/455/77 829/456/77 827/454/76
f 830/455/77 832/457/78 831/458/78 829/456/77
f 832/457/78 834/459/79 833/460/79 831/458/78
f 834/459/79 836/461/80 835/462/80 833/460/79
f 836/461/80 838/463/81 837/464/81 835/462/80
f 838/463/81 840/465/82 839/466/82 837/464/81
f 840/465/82 842/467/83 841/468/83 839/466/82
f 842/467/83 844/469/84 843/470/84 841/468/83
f 844/469/84 846/471/85 845/472/85 843/470/84
f 846/471/85 848/473/86 847/474/86 845/472/85
f 848/473/86 850/475/87 849/190/87 847/474/86
f 850/475/87 852/476/88 851/477/88 849/190/87
f 852/476/88 854/478/89 853/479/89 851/477/88
f 854/478/89 856/480/90 855/481/90 853/479/89
f 856/480/90 858/482/91 857/483/91 855/481/90
f 858/482/91 860/484/92 859/485/92 857/483/91
f 860/484/92 862/486/93 861/487/93 859/485/92
f 862/486/93 864/488/94 863/489/94 861/487/93
f 864/488/94 866/490/95 865/491/95 863/489/94
f 866/490/95 868/492/96 867/493/96 865/491/95
f 868/492/96 870/494/97 869/495/97 867/493/96
f 870/494/97 872/496/98 871/497/98 869/495/97
f 872/496/98 874/498/99 873/499/99 871/497/98
f 874/498/99 876/500/100 875/501/100 873/499/99
f 876/500/100 682/502/3 681/4/3 875/501/100
f 878/314/101 880/503/102 879/504/102 877/5/101
f 880/503/102 882/505/103 881/506/103 879/504/102
f 882/505/103 884/507/104 883/8/104 881/506/103
f 884/507/104 886/508/105 885/509/105 883/8/104
f 886/508/105 888/510/106 887/511/106 885/509/105
f 888/510/106 890/512/107 889/7/107 887/511/106
f 890/512/107 892/513/108 891/514/108 889/7/107
f 892/513/108 894/515/109 893/516/109 891/514/108
f 894/515/109 878/502/101 877/4/101 893/516/109
f 896/314/110 898/517/111 897/518/111 895/5/110
f 898/517/111 900/519/112 899/520/112 897/518/111
f 900/519/112 902/521/113 901/522/113 899/520/112
f 902/521/113 904/523/114 903/524/114 901/522/113
f 904/523/114 906/525/115 905/526/115 903/524/114
f 906/525/115 908/527/116 907/528/116 905/526/115
f 908/527/116 910/529/117 909/530/117 907/528/116
f 910/529/117 912/531/118 911/532/118 909/530/117
f 912/531/118 914/533/119 913/534/119 911/532/118
f 914/533/119 916/535/120 915/536/120 913/534/119
f 916/535/120 918/537/121 917/538/121 915/536/120
f 918/537/121 920/539/122 919/540/122 917/538/121
f 920/539/122 922/541/123 921/217/123 919/540/122
f 922/541/123 924/542/124 923/543/124 921/217/123
f 924/542/124 926/544/125 925/545/125 923/543/124
f 926/544/125 928/546/126 927/547/126 925/545/125
f 928/546/126 930/548/127 929/549/127 927/547/126
f 930/548/127 932/550/128 931/551/128 929/549/127
f 932/550/128 934/552/129 933/553/129 931/551/128
f 934/552/129 936/554/130 935/555/130 933/553/129
f 936/554/130 938/556/131 937/557/131 935/555/130
f 938/556/131 940/558/132 939/559/132 937/557/131
f 940/558/132 942/560/133 941/561/133 939/559/132
f 942/560/133 944/562/134 943/563/134 941/561/133
f 944/562/134 946/564/135 945/565/135 943/563/134
f 946/564/135 948/408/136 947/9/136 945/565/135
f 948/408/136 950/566/137 949/567/137 947/9/136
f 950/566/137 952/568/138 951/569/138 949/567/137
f 952/568/138 954/570/139 953/571/139 951/569/138
f 954/570/139 956/572/140 955/573/140 953/571/139
f 956/572/140 958/574/141 957/575/141 955/573/140
f 958/574/141 960/576/142 959/577/142 957/575/141
f 960/576/142 962/578/143 961/579/143 959/577/142
f 962/578/143 964/580/144 963/581/144 961/579/143
f 964/580/144 966/582/145 965/583/145 963/581/144
f 966/582/145 968/584/146 967/585/146 965/583/145
f 968/584/146 970/586/147 969/587/147 967/585/146
f 970/586/147 972/588/148 971/589/148 969/587/147
f 972/588/148 974/590/149 973/212/149 971/589/148
f 974/590/149 976/591/150 975/592/150 973/212/149
f 976/591/150 978/593/151 977/594/151 975/592/150
f 978/593/151 980/595/152 979/596/152 977/594/151
f 980/595/152 982/597/153 981/598/153 979/596/152
f 982/597/153 984/599/154 983/600/154 981/598/153
f 984/599/154 986/601/155 985/602/155 983/600/154
f 986/601/155 988/603/156 987/604/156 985/602/155
f 988/603/156 990/605/157 989/606/157 987/604/156
f 990/605/157 992/607/158 991/608/158 989/606/157
f 992/607/158 994/609/159 993/610/159 991/608/158
f 994/609/159 996/611/104 995/612/104 993/610/159
f 996/611/104 998/613/160 997/614/160 995/612/104
f 998/613/160 896/502/110 895/4/110 997/614/160
f 1000/314/161 1002/615/162 1001/616/162 999/5/161
f 1002/615/162 1004/617/163 1003/618/163 1001/616/162
f 1004/617/163 1006/503/164 1005/504/164 1003/618/163
f 1006/503/164 1008/619/165 1007/620/165 1005/504/164
f 1008/619/165 1010/621/166 1009/622/166 1007/620/165
f 1010/621/166 1012/505/167 1011/506/167 1009/622/166
f 1012/505/167 1014/623/168 1013/624/168 1011/506/167
f 1014/623/168 1016/625/169 1015/626/169 1013/624/168
f 1016/625/169 1018/507/170 1017/8/170 1015/626/169
f 1018/507/170 1020/627/171 1019/628/171 1017/8/170
f 1020/627/171 1022/629/172 1021/630/172 1019/628/171
f 1022/629/172 1024/508/173 1023/509/173 1021/630/172
f 1024/508/173 1026/631/174 1025/632/174 1023/509/173
f 1026/631/174 1028/633/175 1027/634/175 1025/632/174
f 1028/633/175 1030/510/176 1029/511/176 1027/634/175
f 1030/510/176 1032/635/177 1031/636/177 1029/511/176
f 1032/635/177 1034/637/178 1033/638/178 1031/636/177
f 1034/637/178 1036/512/179 1035/7/179 1033/638/178
f 1036/512/179 1038/639/180 1037/640/180 1035/7/179
f 1038/639/180 1040/641/181 1039/642/181 1037/640/180
f 1040/641/181 1042/513/182 1041/514/182 1039/642/181
f 1042/513/182 1044/643/183 1043/644/183 1041/514/182
f 1044/643/183 1046/645/184 1045/646/184 1043/644/183
f 1046/645/184 1048/515/185 1047/516/185 1045/646/184
f 1048/515/185 1050/647/103 1049/648/103 1047/516/185
f 1050/647/103 1052/649/186 1051/650/186 1049/648/103
f 1052/649/186 1000/502/161 999/4/161 1051/650/186
f 1054/314/187 1056/615/188 1055/616/188 1053/5/187
f 1056/615/188 1058/617/189 1057/618/189 1055/616/188
f 1058/617/189 1060/503/190 1059/504/190 1057/618/189
f 1060/503/190 1062/619/191 1061/620/191 1059/504/190
f 1062/619/191 1064/621/192 1063/622/192 1061/620/191
f 1064/621/192 1066/505/193 1065/506/193 1063/622/192
f 1066/505/193 1068/623/194 1067/624/194 1065/506/193
f 1068/623/194 1070/625/195 1069/626/195 1067/624/194
f 1070/625/195 1072/507/196 1071/8/196 1069/626/195
f 1072/507/196 1074/627/197 1073/628/197 1071/8/196
f 1074/627/197 1076/629/198 1075/630/198 1073/628/197
f 1076/629/198 1078/508/199 1077/509/199 1075/630/198
f 1078/508/199 1080/631/200 1079/632/200 1077/509/199
f 1080/631/200 1082/633/201 1081/634/201 1079/632/200
f 1082/633/201 1084/510/202 1083/511/202 1081/634/201
f 1084/510/202 1086/635/203 1085/636/203 1083/511/202
f 1086/635/203 1088/637/204 1087/638/204 1085/636/203
f 1088/637/204 1090/512/205 1089/7/205 1087/638/204
f 1090/512/205 1092/639/206 1091/640/206 1089/7/205
f 1092/639/206 1094/641/207 1093/642/207 1091/640/206
f 1094/641/207 1096/513/208 1095/514/208 1093/642/207
f 1096/513/208 1098/643/209 1097/644/209 1095/514/208
f 1098/643/209 1100/645/210 1099/646/210 1097/644/209
f 1100/645/210 1102/515/211 1101/516/211 1099/646/210
f 1102/515/211 1104/647/103 1103/648/103 1101/516/211
f 1104/647/103 1106/649/186 1105/650/186 1103/648/103
f 1106/649/186 1054/502/187 1053/4/187 1105/650/186
f 1108/314/103 1110/651/186 1109/652/186 1107/5/103
f 1110/651/186 1112/653/186 1111/654/186 1109/652/186
f 1112/653/186 1114/541/103 1113/217/103 1111/654/186
f 1114/541/103 1116/507/103 1115/8/103 1113/217/103
f 1116/507/103 1118/655/186 1117/656/186 1115/8/103
f 1118/655/186 1120/408/186 1119/9/186 1117/656/186
f 1120/408/186 1122/657/103 1121/658/103 1119/9/186
f 1122/657/103 1124/512/104 1123/7/104 1121/658/103
f 1124/512/104 1126/590/160 1125/212/160 1123/7/104
f 1126/590/160 1128/659/186 1127/660/186 1125/212/160
f 1128/659/186 1130/661/103 1129/662/103 1127/660/186
f 1130/661/103 1108/502/103 1107/4/103 1129/662/103
f 1132/314/212 1134/663/213 1133/664/213 1131/5/212
f 1134/663/213 1136/665/214 1135/666/214 1133/664/213
f 1136/665/214 1138/667/215 1137/668/215 1135/666/214
f 1138/667/215 1140/669/216 1139/670/216 1137/668/215
f 1140/669/216 1142/671/217 1141/672/217 1139/670/216
f 1142/671/217 1144/673/218 1143/674/218 1141/672/217
f 1144/673/218 1146/675/219 1145/676/219 1143/674/218
f 1146/675/219 1148/677/220 1147/678/220 1145/676/219
f 1148/677/220 1150/679/221 1149/680/221 1147/678/220
f 1150/679/221 1152/681/222 1151/682/222 1149/680/221
f 1152/681/222 1154/683/223 1153/684/223 1151/682/222
f 1154/683/223 1156/685/224 1155/686/224 1153/684/223
f 1156/685/224 1158/687/225 1157/688/225 1155/686/224
f 1158/687/225 1160/689/226 1159/690/226 1157/688/225
f 1160/689/226 1162/691/227 1161/692/227 1159/690/226
f 1162/691/227 1164/693/228 1163/694/228 1161/692/227
f 1164/693/228 1166/695/229 1165/696/229 1163/694/228
f 1166/695/229 1168/697/230 1167/698/230 1165/696/229
f 1168/697/230 1170/699/231 1169/700/231 1167/698/230
f 1170/699/231 1172/701/232 1171/702/232 1169/700/231
f 1172/701/232 1174/703/233 1173/704/233 1171/702/232
f 1174/703/233 1176/705/234 1175/706/234 1173/704/233
f 1176/705/234 1178/707/235 1177/708/235 1175/706/234
f 1178/707/235 1180/709/236 1179/710/236 1177/708/235
f 1180/709/236 1182/711/237 1181/712/237 1179/710/236
f 1182/711/237 1184/713/238 1183/714/238 1181/712/237
f 1184/713/238 1186/715/239 1185/716/239 1183/714/238
f 1186/715/239 1188/717/240 1187/718/240 1185/716/239
f 1188/717/240 1190/719/241 1189/720/241 1187/718/240
f 1190/719/241 1192/721/242 1191/722/242 1189/720/241
f 1192/721/242 1194/723/243 1193/724/243 1191/722/242
f 1194/723/243 1196/725/244 1195/726/244 1193/724/243
f 1196/725/244 1198/727/245 1197/728/245 1195/726/244
f 1198/727/245 1200/729/246 1199/730/246 1197/728/245
f 1200/729/246 1202/731/247 1201/732/247 1199/730/246
f 1202/731/247 1204/733/248 1203/734/248 1201/732/247
f 1204/733/248 1206/735/249 1205/736/249 1203/734/248
f 1206/735/249 1208/737/250 1207/738/250 1205/736/249
f 1208/737/250 1210/739/251 1209/740/251 1207/738/250
f 1210/739/251 1212/741/252 1211/742/252 1209/740/251
f 1212/741/252 1214/743/253 1213/744/253 1211/742/252
f 1214/743/253 1216/745/254 1215/746/254 1213/744/253
f 1216/745/254 1218/747/255 1217/748/255 1215/746/254
f 1218/747/255 1220/749/256 1219/750/256 1217/748/255
f 1220/749/256 1222/751/257 1221/752/257 1219/750/256
f 1222/751/257 1224/753/258 1223/754/258 1221/752/257
f 1224/753/258 1226/755/259 1225/756/259 1223/754/258
f 1226/755/259 1228/757/260 1227/758/260 1225/756/259
f 1228/757/260 1230/759/261 1229/760/261 1227/758/260
f 1230/759/261 1232/761/262 1231/762/262 1229/760/261
f 1232/761/262 1234/763/263 1233/764/263 1231/762/262
f 1234/763/263 1236/765/264 1235/766/264 1233/764/263
f 1236/765/264 1238/767/265 1237/768/265 1235/766/264
f 1238/767/265 1240/769/266 1239/770/266 1237/768/265
f 1240/769/266 1242/771/267 1241/772/267 1239/770/266
f 1242/771/267 1244/773/268 1243/774/268 1241/772/267
f 1244/773/268 1246/775/269 1245/776/269 1243/774/268
f 1246/775/269 1248/777/270 1247/778/270 1245/776/269
f 1248/777/270 1250/779/271 1249/780/271 1247/778/270
f 1250/779/271 1252/781/272 1251/782/272 1249/780/271
f 1252/781/272 1254/783/273 1253/784/273 1251/782/272
f 1254/783/273 1256/785/103 1255/786/103 1253/784/273
f 1256/785/103 1258/787/103 1257/788/103 1255/786/103
f 1258/787/103 1260/789/104 1259/790/104 1257/788/103
f 1260/789/104 1262/791/160 1261/792/160 1259/790/104
f 1262/791/160 1264/793/274 1263/794/274 1261/792/160
f 1264/793/274 1132/502/212 1131/4/212 1263/794/274
f 1266/314/275 1268/615/276 1267/616/276 1265/5/275
f 1268/615/276 1270/617/277 1269/618/277 1267/616/276
f 1270/617/277 1272/503/278 1271/504/278 1269/618/277
f 1272/503/278 1274/619/279 1273/620/279 1271/504/278
f 1274/619/279 1276/621/280 1275/622/280 1273/620/279
f 1276/621/280 1278/505/281 1277/506/281 1275/622/280
f 1278/505/281 1280/623/282 1279/624/282 1277/506/281
f 1280/623/282 1282/625/283 1281/626/283 1279/624/282
f 1282/625/283 1284/507/284 1283/8/284 1281/626/283
f 1284/507/284 1286/627/285 1285/628/285 1283/8/284
f 1286/627/285 1288/629/286 1287/630/286 1285/628/285
f 1288/629/286 1290/508/287 1289/509/287 1287/630/286
f 1290/508/287 1292/631/288 1291/632/288 1289/509/287
f 1292/631/288 1294/633/289 1293/634/289 1291/632/288
f 1294/633/289 1296/510/290 1295/511/290 1293/634/289
f 1296/510/290 1298/635/291 1297/636/291 1295/511/290
f 1298/635/291 1300/637/292 1299/638/292 1297/636/291
f 1300/637/292 1302/512/293 1301/7/293 1299/638/292
f 1302/512/293 1304/639/294 1303/640/294 1301/7/293
f 1304/639/294 1306/641/295 1305/642/295 1303/640/294
f 1306/641/295 1308/513/296 1307/514/296 1305/642/295
f 1308/513/296 1310/643/297 1309/644/297 1307/514/296
f 1310/643/297 1312/645/298 1311/646/298 1309/644/297
f 1312/645/298 1314/515/299 1313/516/299 1311/646/298
f 1314/515/299 1316/647/103 1315/648/103 1313/516/299
f 1316/647/103 1318/649/186 1317/650/186 1315/648/103
f 1318/649/186 1266/502/275 1265/4/275 1317/650/186
f 1320/314/300 1322/795/300 1321/215/300 1319/5/300
f 1322/795/300 1324/541/301 1323/217/301 1321/215/300
f 1324/541/301 1326/796/301 1325/216/301 1323/217/301
f 1326/796/301 1328/408/302 1327/9/302 1325/216/301
f 1328/408/302 1330/797/303 1329/213/303 1327/9/302
f 1330/797/303 1332/590/304 1331/212/304 1329/213/303
f 1332/590/304 1334/798/305 1333/214/305 1331/212/304
f 1334/798/305 1320/502/300 1319/4/300 1333/214/305
f 1336/314/306 1338/507/307 1337/8/307 1335/5/306
f 1338/507/307 1340/512/308 1339/7/308 1337/8/307
f 1340/512/308 1336/502/306 1335/4/306 1339/7/308
f 1342/314/104 1344/541/160 1343/217/160 1341/5/104
f 1344/541/160 1346/408/186 1345/9/186 1343/217/160
f 1346/408/186 1348/590/103 1347/212/103 1345/9/186
f 1348/590/103 1342/502/104 1341/4/104 1347/212/103
f 1350/314/186 1352/653/103 1351/654/103 1349/5/186
f 1352/653/103 1354/507/104 1353/8/104 1351/654/103
f 1354/507/104 1356/408/160 1355/9/160 1353/8/104
f 1356/408/160 1358/512/186 1357/7/186 1355/9/160
f 1358/512/186 1360/659/186 1359/660/186 1357/7/186
f 1360/659/186 1350/502/186 1349/4/186 1359/660/186
